<?xml version="1.0" encoding="UTF-8" standalone="yes"?>
<rsapp name="ProcessChq">
	<rsc>
		<ruleset id="ImportFiles.Rul.dll" name.dll="ImportFiles"/>
		<ruleset id="2" name="Import Files - All"/>
		<ruleset name.dll="Image_Convert" id="Image_Convert"/>
		<ruleset name.dll="ImageEnhancement" id="ImageEnhancement"/>
		<ruleset name.dll="IdentifyPages" id="IdentifyPages"/>
		<ruleset name.dll="CreateDocuments" id="CreateDocuments"/>
		<ruleset name="Document Integrity" id="11"/>
		<ruleset name.dll="RecognizePagesAndFields" id="RecognizePagesAndFields"/>
		<ruleset name.dll="ValidateFields" id="ValidateFields"/>
		<ruleset name="Routing" id="10"/>
		<ruleset name="Export" id="7"/>
		<ruleset name="FingerprintAdd" id="8"/>
		<ruleset name="Export Statistics" id="Export Statistics"/>
		<ruleset name="Profile Statistics" id="Profile Statistics"/>
		<ruleset id="1" name="Create Docs"/>
		<ruleset id="3" name="PageId"/>
		<ruleset id="4" name="Image Fix"/>
		<ruleset id="5" name="Export XML"/>
		<ruleset id="6" name="Recognize"/>
		<ruleset id="9" name="ExportToRepository"/>
	</rsc>
	<tps>
		<tprofile name="ScanFromDisk_MultiFormat">
			<ruleset id="2"/>
			<ruleset id="Image_Convert"/>
		</tprofile>
		<tprofile name="PageID">
			<ruleset id="4"/>
			<ruleset id="3"/>
		</tprofile>
		<tprofile name="Profiler">
			<ruleset id="1"/>
			<ruleset id="11"/>
			<ruleset id="6"/>
		</tprofile>
		<tprofile name="Verify">
			<ruleset id="ValidateFields"/>
		</tprofile>
		<tprofile name="Export">
			<ruleset id="9"/>
			<ruleset id="7"/>
			<ruleset id="Export Statistics"/>
		</tprofile>
		<tprofile name="FingerprintAdd">
			<ruleset id="ImageEnhancement"/>
			<ruleset id="8"/>
		</tprofile>
		<tprofile name="ScanFromDisk_SingleTIFFs">
			<ruleset id="ImportFiles.Rul.dll"/>
		</tprofile>
		<tprofile name="FixUp"/>
		<tprofile name="iVScan"/>
		<tprofile name="Convert">
			<ruleset id="Image_Convert"/>
		</tprofile>
	</tps>
</rsapp>