<?xml-stylesheet type="text/xsl" href="..\..\dco.xsl"?>
<S>
	<B type="ProcessChq">
		<V n="ID">0</V>
		<V n="TYPE">Batch</V>
		<V n="STATUS">0</V>
		<V n="MIN TYPES">0</V>
		<V n="MAX TYPES">0</V>
		<V n="rules">&lt;in&gt;&lt;r id=&quot;1&quot; rs=&quot;1&quot; /&gt;&lt;r id=&quot;2&quot; rs=&quot;7&quot; /&gt;&lt;r id=&quot;1&quot; rs=&quot;3&quot; /&gt;&lt;r id=&quot;3&quot; rs=&quot;11&quot; /&gt;&lt;r id=&quot;1&quot; rs=&quot;4&quot; /&gt;&lt;r id=&quot;1&quot; rs=&quot;9&quot; /&gt;&lt;r id=&quot;1&quot; rs=&quot;5&quot; /&gt;&lt;r id=&quot;1&quot; rs=&quot;6&quot; /&gt;&lt;/in&gt;&lt;out /&gt;</V>
		<P type="Other" pos="0" min="0" max="0"/>
		<D type="LOB" pos="0" min="0" max="0"/>
		<D type="Document4" pos="0" min="0" max="0"/>
	</B>
	<D type="LOB">
		<V n="ID">0</V>
		<V n="TYPE">Document</V>
		<V n="STATUS">0</V>
		<V n="DOC DATA">0</V>
		<V n="MIN_TYPES">0</V>
		<V n="MAX_TYPES">0</V>
		<V n="rules">&lt;in /&gt;&lt;out /&gt;</V>
		<P type="AmericanNational" pos="0" min="0" max="0"/>
		<P type="BBVAPage" pos="0" min="0" max="0"/>
		<P type="BOAPage" pos="0" min="0" max="0"/>
		<P type="CapitalOnePage" pos="0" min="0" max="0"/>
		<P type="CentralBankPage" pos="0" min="0" max="0"/>
		<P type="CitiBankPage" pos="0" min="0" max="0"/>
		<P type="ChasePage" pos="0" min="0" max="0"/>
		<P type="FirstNationalPage" pos="0" min="0" max="0"/>
		<P type="KeyPrivateBankPage" pos="0" min="0" max="0"/>
		<P type="KeyBankPage" pos="0" min="0" max="0"/>
		<P type="LPLPage" pos="0" min="0" max="0"/>
		<P type="LEDYARDPage" pos="0" min="0" max="0"/>
		<P type="MerchantsPage" pos="0" min="0" max="0"/>
		<P type="Ridgefield" pos="0" min="0" max="0"/>
		<P type="USAFederalPage" pos="0" min="0" max="0"/>
		<P type="WellsForgoPage" pos="0" min="0" max="0"/>
	</D>
	<D type="Document4">
		<V n="ID">0</V>
		<V n="TYPE">Document</V>
		<V n="STATUS">0</V>
		<V n="DOC DATA">0</V>
		<V n="MIN_TYPES">0</V>
		<V n="MAX_TYPES">0</V>
		<V n="rules">&lt;in /&gt;&lt;out /&gt;</V>
	</D>
	<P type="Other">
		<V n="ID">0</V>
		<V n="TYPE">Page</V>
		<V n="STATUS">0</V>
		<V n="IMAGEFILE"></V>
		<V n="DATAFILE"></V>
		<V n="TEMPLATE IMAGE"></V>
		<V n="MIN_TYPES">0</V>
		<V n="MAX_TYPES">0</V>
		<V n="rules">&lt;in&gt;&lt;r id=&quot;2&quot; rs=&quot;3&quot; /&gt;&lt;r id=&quot;1&quot; rs=&quot;8&quot; /&gt;&lt;r id=&quot;2&quot; rs=&quot;4&quot; /&gt;&lt;/in&gt;&lt;out /&gt;</V>
	</P>
	<P type="BOAPage">
		<V n="ID">0</V>
		<V n="TYPE">Page</V>
		<V n="STATUS">0</V>
		<V n="IMAGEFILE"></V>
		<V n="DATAFILE"></V>
		<V n="TEMPLATE IMAGE"></V>
		<V n="MIN_TYPES">0</V>
		<V n="MAX_TYPES">0</V>
		<V n="rules">&lt;in&gt;&lt;r id=&quot;2&quot; rs=&quot;6&quot; /&gt;&lt;r id=&quot;1&quot; rs=&quot;7&quot; /&gt;&lt;r id=&quot;2&quot; rs=&quot;1&quot; /&gt;&lt;r id=&quot;3&quot; rs=&quot;9&quot; /&gt;&lt;/in&gt;&lt;out /&gt;</V>
		<V n="PAGE_WIDTH">1196</V>
		<V n="PAGE_HEIGHT">556</V>
		<F type="CheckName" pos="0" min="0" max="0"/>
		<F type="CheckDate" pos="0" min="0" max="0"/>
		<F type="AccountNumber" pos="0" min="0" max="0"/>
		<F type="CheckAmount" pos="0" min="0" max="0"/>
		<F type="AmountInWords" pos="0" min="0" max="0"/>
		<F type="BankName" pos="0" min="0" max="0"/>
		<F type="Rout" pos="0" min="0" max="0"/>
	</P>
	<P type="FirstNationalPage">
		<V n="ID">0</V>
		<V n="TYPE">Page</V>
		<V n="STATUS">0</V>
		<V n="IMAGEFILE"></V>
		<V n="DATAFILE"></V>
		<V n="TEMPLATE IMAGE"></V>
		<V n="MIN_TYPES">0</V>
		<V n="MAX_TYPES">0</V>
		<V n="rules">&lt;in&gt;&lt;r id=&quot;2&quot; rs=&quot;6&quot; /&gt;&lt;r id=&quot;1&quot; rs=&quot;7&quot; /&gt;&lt;r id=&quot;2&quot; rs=&quot;1&quot; /&gt;&lt;r id=&quot;3&quot; rs=&quot;9&quot; /&gt;&lt;/in&gt;&lt;out /&gt;</V>
		<V n="PAGE_WIDTH">1196</V>
		<V n="PAGE_HEIGHT">556</V>
		<F type="CheckName" pos="0" min="0" max="0"/>
		<F type="CheckDate" pos="0" min="0" max="0"/>
		<F type="AccountNumber" pos="0" min="0" max="0"/>
		<F type="CheckAmount" pos="0" min="0" max="0"/>
		<F type="AmountInWords" pos="0" min="0" max="0"/>
		<F type="BankName" pos="0" min="0" max="0"/>
		<F type="Rout" pos="0" min="0" max="0"/>
	</P>
	<P type="BBVAPage">
		<V n="ID">0</V>
		<V n="TYPE">Page</V>
		<V n="STATUS">0</V>
		<V n="IMAGEFILE"></V>
		<V n="DATAFILE"></V>
		<V n="TEMPLATE IMAGE"></V>
		<V n="MIN_TYPES">0</V>
		<V n="MAX_TYPES">0</V>
		<V n="rules">&lt;in&gt;&lt;r id=&quot;2&quot; rs=&quot;6&quot; /&gt;&lt;r id=&quot;1&quot; rs=&quot;7&quot; /&gt;&lt;r id=&quot;2&quot; rs=&quot;1&quot; /&gt;&lt;r id=&quot;3&quot; rs=&quot;9&quot; /&gt;&lt;/in&gt;&lt;out /&gt;</V>
		<V n="PAGE_WIDTH">1196</V>
		<V n="PAGE_HEIGHT">556</V>
		<F type="CheckName" pos="0" min="0" max="0"/>
		<F type="CheckDate" pos="0" min="0" max="0"/>
		<F type="AccountNumber" pos="0" min="0" max="0"/>
		<F type="CheckAmount" pos="0" min="0" max="0"/>
		<F type="AmountInWords" pos="0" min="0" max="0"/>
		<F type="BankName" pos="0" min="0" max="0"/>
		<F type="Rout" pos="0" min="0" max="0"/>
	</P>
	<P type="WellsForgoPage">
		<V n="ID">0</V>
		<V n="TYPE">Page</V>
		<V n="STATUS">0</V>
		<V n="IMAGEFILE"></V>
		<V n="DATAFILE"></V>
		<V n="TEMPLATE IMAGE"></V>
		<V n="MIN_TYPES">0</V>
		<V n="MAX_TYPES">0</V>
		<V n="rules">&lt;in&gt;&lt;r id=&quot;2&quot; rs=&quot;6&quot; /&gt;&lt;r id=&quot;1&quot; rs=&quot;7&quot; /&gt;&lt;r id=&quot;2&quot; rs=&quot;1&quot; /&gt;&lt;r id=&quot;3&quot; rs=&quot;9&quot; /&gt;&lt;/in&gt;&lt;out /&gt;</V>
		<V n="PAGE_WIDTH">1196</V>
		<V n="PAGE_HEIGHT">556</V>
		<F type="CheckName" pos="0" min="0" max="0"/>
		<F type="CheckDate" pos="0" min="0" max="0"/>
		<F type="AccountNumber" pos="0" min="0" max="0"/>
		<F type="CheckAmount" pos="0" min="0" max="0"/>
		<F type="AmountInWords" pos="0" min="0" max="0"/>
		<F type="BankName" pos="0" min="0" max="0"/>
		<F type="Rout" pos="0" min="0" max="0"/>
	</P>
	<P type="Ridgefield">
		<V n="ID">0</V>
		<V n="TYPE">Page</V>
		<V n="STATUS">0</V>
		<V n="IMAGEFILE"></V>
		<V n="DATAFILE"></V>
		<V n="TEMPLATE IMAGE"></V>
		<V n="MIN_TYPES">0</V>
		<V n="MAX_TYPES">0</V>
		<V n="rules">&lt;in&gt;&lt;r id=&quot;2&quot; rs=&quot;6&quot; /&gt;&lt;r id=&quot;1&quot; rs=&quot;7&quot; /&gt;&lt;r id=&quot;2&quot; rs=&quot;1&quot; /&gt;&lt;r id=&quot;3&quot; rs=&quot;9&quot; /&gt;&lt;/in&gt;&lt;out /&gt;</V>
		<V n="PAGE_WIDTH">1196</V>
		<V n="PAGE_HEIGHT">556</V>
		<F type="CheckName" pos="0" min="0" max="0"/>
		<F type="CheckDate" pos="0" min="0" max="0"/>
		<F type="AccountNumber" pos="0" min="0" max="0"/>
		<F type="CheckAmount" pos="0" min="0" max="0"/>
		<F type="AmountInWords" pos="0" min="0" max="0"/>
		<F type="BankName" pos="0" min="0" max="0"/>
		<F type="Rout" pos="0" min="0" max="0"/>
	</P>
	<P type="LPLPage">
		<V n="ID">0</V>
		<V n="TYPE">Page</V>
		<V n="STATUS">0</V>
		<V n="IMAGEFILE"></V>
		<V n="DATAFILE"></V>
		<V n="TEMPLATE IMAGE"></V>
		<V n="MIN_TYPES">0</V>
		<V n="MAX_TYPES">0</V>
		<V n="rules">&lt;in&gt;&lt;r id=&quot;2&quot; rs=&quot;6&quot; /&gt;&lt;r id=&quot;1&quot; rs=&quot;7&quot; /&gt;&lt;r id=&quot;2&quot; rs=&quot;1&quot; /&gt;&lt;r id=&quot;3&quot; rs=&quot;9&quot; /&gt;&lt;/in&gt;&lt;out /&gt;</V>
		<V n="PAGE_WIDTH">1196</V>
		<V n="PAGE_HEIGHT">556</V>
		<F type="CheckName" pos="0" min="0" max="0"/>
		<F type="CheckDate" pos="0" min="0" max="0"/>
		<F type="AccountNumber" pos="0" min="0" max="0"/>
		<F type="CheckAmount" pos="0" min="0" max="0"/>
		<F type="AmountInWords" pos="0" min="0" max="0"/>
		<F type="BankName" pos="0" min="0" max="0"/>
		<F type="Rout" pos="0" min="0" max="0"/>
	</P>
	<P type="Page2">
		<V n="ID">0</V>
		<V n="TYPE">Page</V>
		<V n="STATUS">0</V>
		<V n="IMAGEFILE"></V>
		<V n="DATAFILE"></V>
		<V n="TEMPLATE IMAGE"></V>
		<V n="MIN_TYPES">0</V>
		<V n="MAX_TYPES">0</V>
		<V n="rules">&lt;in&gt;&lt;r id=&quot;2&quot; rs=&quot;6&quot; /&gt;&lt;r id=&quot;1&quot; rs=&quot;7&quot; /&gt;&lt;r id=&quot;4&quot; rs=&quot;CreateDocuments&quot; /&gt;&lt;r id=&quot;2&quot; rs=&quot;9&quot; /&gt;&lt;/in&gt;&lt;out /&gt;</V>
		<V n="PAGE_WIDTH">1196</V>
		<V n="PAGE_HEIGHT">556</V>
		<F type="Rout" pos="0" min="0" max="0"/>
		<F type="AmountInWords" pos="0" min="0" max="0"/>
		<F type="AccountNumber" pos="0" min="0" max="0"/>
		<F type="CheckDate" pos="0" min="0" max="0"/>
		<F type="CheckName" pos="0" min="0" max="0"/>
		<F type="CheckAmount" pos="0" min="0" max="0"/>
	</P>
	<P type="LEDYARDPage">
		<V n="ID">0</V>
		<V n="TYPE">Page</V>
		<V n="STATUS">0</V>
		<V n="IMAGEFILE"></V>
		<V n="DATAFILE"></V>
		<V n="TEMPLATE IMAGE"></V>
		<V n="MIN_TYPES">0</V>
		<V n="MAX_TYPES">0</V>
		<V n="rules">&lt;in&gt;&lt;r id=&quot;2&quot; rs=&quot;6&quot; /&gt;&lt;r id=&quot;1&quot; rs=&quot;7&quot; /&gt;&lt;r id=&quot;2&quot; rs=&quot;1&quot; /&gt;&lt;r id=&quot;3&quot; rs=&quot;9&quot; /&gt;&lt;/in&gt;&lt;out /&gt;</V>
		<V n="PAGE_WIDTH">1196</V>
		<V n="PAGE_HEIGHT">556</V>
		<F type="CheckName" pos="0" min="0" max="0"/>
		<F type="CheckDate" pos="0" min="0" max="0"/>
		<F type="CheckAmount" pos="0" min="0" max="0"/>
		<F type="AmountInWords" pos="0" min="0" max="0"/>
		<F type="AccountNumber" pos="0" min="0" max="0"/>
		<F type="BankName" pos="0" min="0" max="0"/>
		<F type="Rout" pos="0" min="0" max="0"/>
	</P>
	<P type="MerchantsPage">
		<V n="ID">0</V>
		<V n="TYPE">Page</V>
		<V n="STATUS">0</V>
		<V n="IMAGEFILE"></V>
		<V n="DATAFILE"></V>
		<V n="TEMPLATE IMAGE"></V>
		<V n="MIN_TYPES">0</V>
		<V n="MAX_TYPES">0</V>
		<V n="rules">&lt;in&gt;&lt;r id=&quot;2&quot; rs=&quot;6&quot; /&gt;&lt;r id=&quot;1&quot; rs=&quot;7&quot; /&gt;&lt;r id=&quot;2&quot; rs=&quot;1&quot; /&gt;&lt;r id=&quot;3&quot; rs=&quot;9&quot; /&gt;&lt;/in&gt;&lt;out /&gt;</V>
		<V n="PAGE_WIDTH">1196</V>
		<V n="PAGE_HEIGHT">556</V>
		<F type="CheckName" pos="0" min="0" max="0"/>
		<F type="CheckDate" pos="0" min="0" max="0"/>
		<F type="AccountNumber" pos="0" min="0" max="0"/>
		<F type="CheckAmount" pos="0" min="0" max="0"/>
		<F type="AmountInWords" pos="0" min="0" max="0"/>
		<F type="BankName" pos="0" min="0" max="0"/>
		<F type="Rout" pos="0" min="0" max="0"/>
	</P>
	<P type="Page1">
		<V n="ID">0</V>
		<V n="TYPE">Page</V>
		<V n="STATUS">0</V>
		<V n="IMAGEFILE"></V>
		<V n="DATAFILE"></V>
		<V n="TEMPLATE IMAGE"></V>
		<V n="MIN_TYPES">0</V>
		<V n="MAX_TYPES">0</V>
		<V n="rules">&lt;in /&gt;&lt;out /&gt;</V>
	</P>
	<P type="AmericanNational">
		<V n="ID">0</V>
		<V n="TYPE">Page</V>
		<V n="STATUS">0</V>
		<V n="IMAGEFILE"></V>
		<V n="DATAFILE"></V>
		<V n="TEMPLATE IMAGE"></V>
		<V n="MIN_TYPES">0</V>
		<V n="MAX_TYPES">0</V>
		<V n="rules">&lt;in&gt;&lt;r id=&quot;2&quot; rs=&quot;6&quot; /&gt;&lt;r id=&quot;1&quot; rs=&quot;7&quot; /&gt;&lt;r id=&quot;2&quot; rs=&quot;1&quot; /&gt;&lt;r id=&quot;3&quot; rs=&quot;9&quot; /&gt;&lt;/in&gt;&lt;out /&gt;</V>
		<V n="PAGE_WIDTH">1196</V>
		<V n="PAGE_HEIGHT">556</V>
		<F type="CheckName" pos="0" min="0" max="0"/>
		<F type="CheckDate" pos="0" min="0" max="0"/>
		<F type="AccountNumber" pos="0" min="0" max="0"/>
		<F type="CheckAmount" pos="0" min="0" max="0"/>
		<F type="AmountInWords" pos="0" min="0" max="0"/>
		<F type="BankName" pos="0" min="0" max="0"/>
		<F type="Rout" pos="0" min="0" max="0"/>
	</P>
	<P type="USAFederalPage">
		<V n="ID">0</V>
		<V n="TYPE">Page</V>
		<V n="STATUS">0</V>
		<V n="IMAGEFILE"></V>
		<V n="DATAFILE"></V>
		<V n="TEMPLATE IMAGE"></V>
		<V n="MIN_TYPES">0</V>
		<V n="MAX_TYPES">0</V>
		<V n="rules">&lt;in&gt;&lt;r id=&quot;2&quot; rs=&quot;6&quot; /&gt;&lt;r id=&quot;1&quot; rs=&quot;7&quot; /&gt;&lt;r id=&quot;2&quot; rs=&quot;1&quot; /&gt;&lt;r id=&quot;3&quot; rs=&quot;9&quot; /&gt;&lt;/in&gt;&lt;out /&gt;</V>
		<V n="PAGE_WIDTH">1196</V>
		<V n="PAGE_HEIGHT">556</V>
		<F type="CheckName" pos="0" min="0" max="0"/>
		<F type="CheckDate" pos="0" min="0" max="0"/>
		<F type="AccountNumber" pos="0" min="0" max="0"/>
		<F type="CheckAmount" pos="0" min="0" max="0"/>
		<F type="AmountInWords" pos="0" min="0" max="0"/>
		<F type="BankName" pos="0" min="0" max="0"/>
		<F type="Rout" pos="0" min="0" max="0"/>
	</P>
	<P type="ChasePage">
		<V n="ID">0</V>
		<V n="TYPE">Page</V>
		<V n="STATUS">0</V>
		<V n="IMAGEFILE"></V>
		<V n="DATAFILE"></V>
		<V n="TEMPLATE IMAGE"></V>
		<V n="MIN_TYPES">0</V>
		<V n="MAX_TYPES">0</V>
		<V n="rules">&lt;in&gt;&lt;r id=&quot;2&quot; rs=&quot;6&quot; /&gt;&lt;r id=&quot;1&quot; rs=&quot;7&quot; /&gt;&lt;r id=&quot;2&quot; rs=&quot;1&quot; /&gt;&lt;r id=&quot;3&quot; rs=&quot;9&quot; /&gt;&lt;/in&gt;&lt;out /&gt;</V>
		<V n="PAGE_WIDTH">1196</V>
		<V n="PAGE_HEIGHT">556</V>
		<F type="CheckName" pos="0" min="0" max="0"/>
		<F type="CheckDate" pos="0" min="0" max="0"/>
		<F type="AccountNumber" pos="0" min="0" max="0"/>
		<F type="CheckAmount" pos="0" min="0" max="0"/>
		<F type="AmountInWords" pos="0" min="0" max="0"/>
		<F type="BankName" pos="0" min="0" max="0"/>
		<F type="Rout" pos="0" min="0" max="0"/>
	</P>
	<P type="KeyBankPage">
		<V n="ID">0</V>
		<V n="TYPE">Page</V>
		<V n="STATUS">0</V>
		<V n="IMAGEFILE"></V>
		<V n="DATAFILE"></V>
		<V n="TEMPLATE IMAGE"></V>
		<V n="MIN_TYPES">0</V>
		<V n="MAX_TYPES">0</V>
		<V n="rules">&lt;in&gt;&lt;r id=&quot;2&quot; rs=&quot;6&quot; /&gt;&lt;r id=&quot;1&quot; rs=&quot;7&quot; /&gt;&lt;r id=&quot;2&quot; rs=&quot;1&quot; /&gt;&lt;r id=&quot;3&quot; rs=&quot;9&quot; /&gt;&lt;/in&gt;&lt;out /&gt;</V>
		<V n="PAGE_WIDTH">1196</V>
		<V n="PAGE_HEIGHT">556</V>
		<F type="CheckName" pos="0" min="0" max="0"/>
		<F type="CheckDate" pos="0" min="0" max="0"/>
		<F type="AccountNumber" pos="0" min="0" max="0"/>
		<F type="CheckAmount" pos="0" min="0" max="0"/>
		<F type="AmountInWords" pos="0" min="0" max="0"/>
		<F type="BankName" pos="0" min="0" max="0"/>
		<F type="Rout" pos="0" min="0" max="0"/>
	</P>
	<P type="KeyPrivateBankPage">
		<V n="ID">0</V>
		<V n="TYPE">Page</V>
		<V n="STATUS">0</V>
		<V n="IMAGEFILE"></V>
		<V n="DATAFILE"></V>
		<V n="TEMPLATE IMAGE"></V>
		<V n="MIN_TYPES">0</V>
		<V n="MAX_TYPES">0</V>
		<V n="rules">&lt;in&gt;&lt;r id=&quot;2&quot; rs=&quot;6&quot; /&gt;&lt;r id=&quot;1&quot; rs=&quot;7&quot; /&gt;&lt;r id=&quot;2&quot; rs=&quot;1&quot; /&gt;&lt;r id=&quot;3&quot; rs=&quot;9&quot; /&gt;&lt;/in&gt;&lt;out /&gt;</V>
		<V n="PAGE_WIDTH">1196</V>
		<V n="PAGE_HEIGHT">556</V>
		<F type="CheckName" pos="0" min="0" max="0"/>
		<F type="CheckDate" pos="0" min="0" max="0"/>
		<F type="AccountNumber" pos="0" min="0" max="0"/>
		<F type="CheckAmount" pos="0" min="0" max="0"/>
		<F type="AmountInWords" pos="0" min="0" max="0"/>
		<F type="BankName" pos="0" min="0" max="0"/>
		<F type="Rout" pos="0" min="0" max="0"/>
	</P>
	<P type="CapitalOnePage">
		<V n="ID">0</V>
		<V n="TYPE">Page</V>
		<V n="STATUS">0</V>
		<V n="IMAGEFILE"></V>
		<V n="DATAFILE"></V>
		<V n="TEMPLATE IMAGE"></V>
		<V n="MIN_TYPES">0</V>
		<V n="MAX_TYPES">0</V>
		<V n="rules">&lt;in&gt;&lt;r id=&quot;2&quot; rs=&quot;6&quot; /&gt;&lt;r id=&quot;1&quot; rs=&quot;7&quot; /&gt;&lt;r id=&quot;2&quot; rs=&quot;1&quot; /&gt;&lt;r id=&quot;3&quot; rs=&quot;9&quot; /&gt;&lt;/in&gt;&lt;out /&gt;</V>
		<V n="PAGE_WIDTH">1196</V>
		<V n="PAGE_HEIGHT">556</V>
		<F type="CheckName" pos="0" min="0" max="0"/>
		<F type="CheckDate" pos="0" min="0" max="0"/>
		<F type="AccountNumber" pos="0" min="0" max="0"/>
		<F type="CheckAmount" pos="0" min="0" max="0"/>
		<F type="AmountInWords" pos="0" min="0" max="0"/>
		<F type="BankName" pos="0" min="0" max="0"/>
		<F type="Rout" pos="0" min="0" max="0"/>
	</P>
	<P type="CitiBankPage">
		<V n="ID">0</V>
		<V n="TYPE">Page</V>
		<V n="STATUS">0</V>
		<V n="IMAGEFILE"></V>
		<V n="DATAFILE"></V>
		<V n="TEMPLATE IMAGE"></V>
		<V n="MIN_TYPES">0</V>
		<V n="MAX_TYPES">0</V>
		<V n="rules">&lt;in&gt;&lt;r id=&quot;2&quot; rs=&quot;6&quot; /&gt;&lt;r id=&quot;1&quot; rs=&quot;7&quot; /&gt;&lt;r id=&quot;2&quot; rs=&quot;1&quot; /&gt;&lt;r id=&quot;3&quot; rs=&quot;9&quot; /&gt;&lt;/in&gt;&lt;out /&gt;</V>
		<V n="PAGE_WIDTH">1196</V>
		<V n="PAGE_HEIGHT">556</V>
		<F type="CheckName" pos="0" min="0" max="0"/>
		<F type="CheckDate" pos="0" min="0" max="0"/>
		<F type="AccountNumber" pos="0" min="0" max="0"/>
		<F type="CheckAmount" pos="0" min="0" max="0"/>
		<F type="AmountInWords" pos="0" min="0" max="0"/>
		<F type="BankName" pos="0" min="0" max="0"/>
		<F type="Rout" pos="0" min="0" max="0"/>
	</P>
	<P type="CentralBankPage">
		<V n="ID">0</V>
		<V n="TYPE">Page</V>
		<V n="STATUS">0</V>
		<V n="IMAGEFILE"></V>
		<V n="DATAFILE"></V>
		<V n="TEMPLATE IMAGE"></V>
		<V n="MIN_TYPES">0</V>
		<V n="MAX_TYPES">0</V>
		<V n="rules">&lt;in&gt;&lt;r id=&quot;2&quot; rs=&quot;6&quot; /&gt;&lt;r id=&quot;1&quot; rs=&quot;7&quot; /&gt;&lt;r id=&quot;2&quot; rs=&quot;1&quot; /&gt;&lt;r id=&quot;3&quot; rs=&quot;9&quot; /&gt;&lt;/in&gt;&lt;out /&gt;</V>
		<V n="PAGE_WIDTH">1196</V>
		<V n="PAGE_HEIGHT">556</V>
		<F type="CheckName" pos="0" min="0" max="0"/>
		<F type="CheckDate" pos="0" min="0" max="0"/>
		<F type="AccountNumber" pos="0" min="0" max="0"/>
		<F type="CheckAmount" pos="0" min="0" max="0"/>
		<F type="AmountInWords" pos="0" min="0" max="0"/>
		<F type="BankName" pos="0" min="0" max="0"/>
		<F type="Rout" pos="0" min="0" max="0"/>
	</P>
	<P type="Page3">
		<V n="ID">0</V>
		<V n="TYPE">Page</V>
		<V n="STATUS">0</V>
		<V n="IMAGEFILE"></V>
		<V n="DATAFILE"></V>
		<V n="TEMPLATE IMAGE"></V>
		<V n="MIN_TYPES">0</V>
		<V n="MAX_TYPES">0</V>
	</P>
	<F type="Frequency_OMR1">
		<V n="ID">0</V>
		<V n="TYPE">Field</V>
		<V n="STATUS">0</V>
		<V n="MIN_TYPES">0</V>
		<V n="MAX_TYPES">0</V>
		<V n="length"></V>
		<V n="ReqConf">8</V>
		<V n="rules">&lt;in /&gt;&lt;out /&gt;</V>
		<V n="RecogType">4</V>
		<F type="Frequency_OMR1_OMR1" pos="0" min="0" max="0"/>
	</F>
	<F type="Signature_OMR1">
		<V n="ID">0</V>
		<V n="TYPE">Field</V>
		<V n="STATUS">0</V>
		<V n="MIN_TYPES">0</V>
		<V n="MAX_TYPES">0</V>
		<V n="length"></V>
		<V n="ReqConf">8</V>
		<V n="rules">&lt;in /&gt;&lt;out /&gt;</V>
	</F>
	<F type="Frequency_OMR1_OMR1">
		<V n="ID">0</V>
		<V n="TYPE">Field</V>
		<V n="STATUS">0</V>
		<V n="MIN_TYPES">0</V>
		<V n="MAX_TYPES">0</V>
		<V n="length"></V>
		<V n="ReqConf">8</V>
		<V n="rules">&lt;in /&gt;&lt;out /&gt;</V>
	</F>
	<F type="CheckName">
		<V n="ID">0</V>
		<V n="TYPE">Field</V>
		<V n="STATUS">0</V>
		<V n="Position">0,0,0,0</V>
		<V n="MIN_TYPES">0</V>
		<V n="MAX_TYPES">0</V>
		<V n="length"></V>
		<V n="ReqConf">8</V>
		<V n="rules">&lt;in&gt;&lt;r id=&quot;3&quot; rs=&quot;6&quot; /&gt;&lt;/in&gt;&lt;out /&gt;</V>
		<V n="Pos556">37,47,497,83</V>
		<V n="Default_Position">70,63,349,93</V>
		<V n="Pos560">79,83,477,114</V>
		<V n="Pos561">70,63,349,93</V>
		<V n="Pos559">53,51,479,175</V>
		<V n="Pos557">103,95,566,196</V>
		<V n="cnet_recogType">ICR Field</V>
		<V n="Pos562">53,29,347,92</V>
		<V n="Pos563">45,66,403,131</V>
		<V n="Pos564">79,42,548,99</V>
		<V n="Pos565">247,42,584,106</V>
		<V n="Pos566">198,49,579,83</V>
		<V n="Pos567">305,30,592,86</V>
		<V n="Pos568">62,64,435,105</V>
	</F>
	<F type="CheckAmount">
		<V n="ID">0</V>
		<V n="TYPE">Field</V>
		<V n="STATUS">0</V>
		<V n="Position">0,0,0,0</V>
		<V n="MIN_TYPES">0</V>
		<V n="MAX_TYPES">0</V>
		<V n="length"></V>
		<V n="ReqConf">8</V>
		<V n="rules">&lt;in&gt;&lt;r id=&quot;3&quot; rs=&quot;6&quot; /&gt;&lt;/in&gt;&lt;out /&gt;</V>
		<V n="Pos556">945,203,1159,261</V>
		<V n="Default_Position">889,180,1151,250</V>
		<V n="Pos560">893,185,1093,263</V>
		<V n="Pos561">889,180,1151,250</V>
		<V n="Pos559">917,182,1156,267</V>
		<V n="Pos557">1364,281,1737,372</V>
		<V n="cnet_recogType">ICR Field</V>
		<V n="Pos562">889,184,1143,240</V>
		<V n="Pos563">950,185,1182,262</V>
		<V n="Pos564">922,198,1157,272</V>
		<V n="Pos565">894,201,1154,254</V>
		<V n="Pos566">913,193,1163,251</V>
		<V n="Pos567">913,163,1182,232</V>
		<V n="Pos568">905,183,1159,254</V>
	</F>
	<F type="AccountNumber">
		<V n="ID">0</V>
		<V n="TYPE">Field</V>
		<V n="STATUS">0</V>
		<V n="Position">0,0,0,0</V>
		<V n="MIN_TYPES">0</V>
		<V n="MAX_TYPES">0</V>
		<V n="length"></V>
		<V n="ReqConf">8</V>
		<V n="rules">&lt;in&gt;&lt;r id=&quot;3&quot; rs=&quot;6&quot; /&gt;&lt;/in&gt;&lt;out /&gt;</V>
		<V n="Pos556">92,411,408,462</V>
		<V n="Default_Position">131,434,425,469</V>
		<V n="Pos560">111,434,523,466</V>
		<V n="Pos561">131,434,425,469</V>
		<V n="Pos559">224,394,632,467</V>
		<V n="Pos557">202,625,835,686</V>
		<V n="cnet_recogType">ICR Field</V>
		<V n="Pos562">119,384,600,443</V>
		<V n="Pos563">95,411,717,467</V>
		<V n="Pos564">99,427,532,472</V>
		<V n="Pos565">120,415,497,469</V>
		<V n="c_ft">Handprint</V>
		<V n="Pos566">95,471,317,504</V>
		<V n="Pos567">108,384,558,448</V>
		<V n="Pos568">116,417,596,484</V>
	</F>
	<F type="Rout">
		<V n="ID">0</V>
		<V n="TYPE">Field</V>
		<V n="STATUS">0</V>
		<V n="Position">0,0,0,0</V>
		<V n="MIN_TYPES">0</V>
		<V n="MAX_TYPES">0</V>
		<V n="length"></V>
		<V n="ReqConf">8</V>
		<V n="rules">&lt;in&gt;&lt;r id=&quot;3&quot; rs=&quot;6&quot; /&gt;&lt;/in&gt;&lt;out /&gt;</V>
		<V n="Pos557">135,715,476,779</V>
		<V n="Default_Position">97,478,315,513</V>
		<V n="cnet_recogType">ICR Field</V>
		<V n="Pos560">88,473,309,514</V>
		<V n="Pos561">97,478,315,513</V>
		<V n="Pos559">99,465,322,515</V>
		<V n="Pos556">90,466,309,508</V>
		<V n="Pos562">73,452,287,495</V>
		<V n="Pos563">95,481,319,525</V>
		<V n="Pos564">92,475,316,512</V>
		<V n="Pos565">93,476,320,522</V>
		<V n="Pos567">99,443,321,487</V>
		<V n="Pos568">100,495,330,531</V>
		<V n="Pos566"></V>
	</F>
	<F type="CheckDate">
		<V n="ID">0</V>
		<V n="TYPE">Field</V>
		<V n="STATUS">0</V>
		<V n="Position">0,0,0,0</V>
		<V n="MIN_TYPES">0</V>
		<V n="MAX_TYPES">0</V>
		<V n="length"></V>
		<V n="ReqConf">8</V>
		<V n="rules">&lt;in&gt;&lt;r id=&quot;3&quot; rs=&quot;6&quot; /&gt;&lt;/in&gt;&lt;out /&gt;</V>
		<V n="Pos560">709,104,916,178</V>
		<V n="Default_Position">751,123,1009,172</V>
		<V n="Pos561">751,123,1009,172</V>
		<V n="Pos559">711,88,920,175</V>
		<V n="Pos556">678,109,986,159</V>
		<V n="Pos557">1165,154,1548,268</V>
		<V n="cnet_recogType">ICR Field</V>
		<V n="Pos562">754,85,1040,153</V>
		<V n="Pos563">659,94,962,161</V>
		<V n="Pos564">674,102,931,180</V>
		<V n="Pos565">770,107,1055,161</V>
		<V n="Pos566">83,407,453,458</V>
		<V n="Pos567">702,74,947,155</V>
		<V n="Pos568">682,99,902,172</V>
	</F>
	<F type="AmountInWords">
		<V n="ID">0</V>
		<V n="TYPE">Field</V>
		<V n="STATUS">0</V>
		<V n="Position">0,0,0,0</V>
		<V n="MIN_TYPES">0</V>
		<V n="MAX_TYPES">0</V>
		<V n="length"></V>
		<V n="ReqConf">8</V>
		<V n="rules">&lt;in&gt;&lt;r id=&quot;3&quot; rs=&quot;6&quot; /&gt;&lt;/in&gt;&lt;out /&gt;</V>
		<V n="Pos560">65,183,799,318</V>
		<V n="Default_Position">63,204,878,312</V>
		<V n="Pos561">63,204,878,312</V>
		<V n="Pos559">61,180,897,325</V>
		<V n="Pos562">39,157,877,292</V>
		<V n="Pos563">59,182,890,317</V>
		<V n="Pos564">51,196,918,307</V>
		<V n="Pos565">139,192,824,313</V>
		<V n="Pos556">53,196,872,300</V>
		<V n="Pos557">111,279,1356,454</V>
		<V n="cnet_recogType">ICR Field</V>
		<V n="c_ft">Handprint</V>
		<V n="Pos566">58,180,884,317</V>
		<V n="Pos567">55,161,891,299</V>
		<V n="Pos568">55,196,864,317</V>
	</F>
	<F type="BankName">
		<V n="ID">0</V>
		<V n="TYPE">Field</V>
		<V n="STATUS">0</V>
		<V n="Position">0,0,0,0</V>
		<V n="MIN_TYPES">0</V>
		<V n="MAX_TYPES">0</V>
		<V n="length"></V>
		<V n="ReqConf">8</V>
		<V n="rules">&lt;in&gt;&lt;r id=&quot;3&quot; rs=&quot;6&quot; /&gt;&lt;/in&gt;&lt;out /&gt;</V>
		<V n="Pos556">30,319,315,372</V>
		<V n="Default_Position">83,323,297,355</V>
		<V n="Pos557">109,500,582,582</V>
		<V n="Pos559">69,329,405,391</V>
		<V n="Pos561">182,324,324,358</V>
		<V n="Pos560">83,323,297,355</V>
		<V n="Pos564">107,318,331,359</V>
		<V n="Pos565">210,341,462,385</V>
		<V n="cnet_recogType">ICR Field</V>
		<V n="c_ft">Machine Type</V>
		<V n="Pos566">221,317,432,343</V>
		<V n="Pos567">62,319,469,372</V>
		<V n="Pos568">146,322,387,358</V>
		<V n="Pos562">32,298,198,341</V>
		<V n="Pos563">227,350,502,375</V>
	</F>
</S>
