<?xml version="1.0"?>
<CCO path="c:\datacap\processchq\fingerprint\556.cco">
	<L l="0" t="0" b="31" r="509" i="1"><W l="0" t="0" r="397" b="31" x="1" y="1">IIIMMEIRONet;BM!Vie‘</W>
		<W l="418" t="6" r="430" b="15" x="2" y="1">"'</W>
		<W l="504" t="23" r="509" b="24" x="3" y="1">_</W>
	</L><L l="40" t="54" b="99" r="1104" i="2"><W l="40" t="54" r="127" b="73" x="1" y="2">JAMES</W>
		<W l="41" t="80" r="125" b="99" x="1" y="3">LYNNE</W>
		<W l="134" t="80" r="150" b="98" x="2" y="3">B</W>
		<W l="137" t="55" r="151" b="73" x="2" y="2">L</W>
		<W l="159" t="54" r="271" b="74" x="3" y="2">LENIHAN</W>
		<W l="159" t="80" r="271" b="99" x="3" y="3">LENIHAN</W>
		<W l="1051" t="59" r="1104" b="85" x="4" y="2">248</W>
	</L><L l="41" t="101" b="151" r="1107" i="3"><W l="41" t="132" r="224" b="150" x="1" y="5">HENDERSONYLLE,</W>
		<W l="42" t="108" r="74" b="123" x="1" y="4">100</W>
		<W l="81" t="107" r="151" b="123" x="2" y="4">RUGBY</W>
		<W l="158" t="107" r="246" b="123" x="3" y="4">HOLLOW</W>
		<W l="232" t="132" r="260" b="148" x="2" y="5">NC</W>
		<W l="253" t="107" r="279" b="123" x="4" y="4">DR</W>
		<W l="267" t="132" r="376" b="148" x="3" y="5">28791-9000</W>
		<W l="797" t="127" r="832" b="150" x="2" y="6">"</W>
		<W l="887" t="131" r="924" b="151" x="1" y="8">4))</W>
		<W l="1016" t="101" r="1082" b="115" x="5" y="4">54492114</W>
		<W l="1068" t="121" r="1107" b="134" x="1" y="10">15570</W>
		<W l="1088" t="101" r="1107" b="114" x="6" y="4">NH</W>
	</L><L l="834" t="128" b="168" r="969" i="4"><W l="834" t="152" r="838" b="157" x="1" y="7">'</W>
		<W l="932" t="128" r="955" b="168" x="1" y="9">J</W>
		<W l="932" t="152" r="969" b="168" x="1" y="11">Date</W>
	</L><L l="51" t="195" b="243" r="1101" i="5"><W l="51" t="201" r="111" b="222" x="1" y="12">PaYm</W>
		<W l="110" t="201" r="151" b="240" x="1" y="13">ollw</W>
		<W l="180" t="195" r="279" b="238" x="2" y="13">77A4</W>
		<W l="292" t="223" r="300" b="227" x="3" y="13">-</W>
		<W l="322" t="210" r="343" b="236" x="4" y="13">C</W>
		<W l="350" t="209" r="428" b="236" x="5" y="13">12EF</W>
		<W l="894" t="210" r="897" b="239" x="6" y="13">I</W>
		<W l="917" t="206" r="938" b="237" x="7" y="13">$</W>
		<W l="954" t="213" r="984" b="243" x="8" y="13">5,-</W>
		<W l="979" t="216" r="1101" b="240" x="1" y="14">oc&gt;o.00</W>
	</L><L l="224" t="256" b="297" r="991" i="6"><W l="224" t="256" r="382" b="293" x="1" y="15">14A-19rt.9a.</W>
		<W l="392" t="279" r="405" b="292" x="2" y="15">A</W>
		<W l="418" t="267" r="438" b="297" x="3" y="15">r(</W>
		<W l="678" t="273" r="724" b="293" x="5" y="15">isfin</W>
		<W l="935" t="281" r="991" b="296" x="6" y="15">Wain</W>
	</L><L l="40" t="317" b="362" r="396" i="7"><W l="40" t="328" r="124" b="359" x="1" y="16">Bank</W>
		<W l="128" t="328" r="163" b="359" x="2" y="16">of</W>
		<W l="167" t="328" r="303" b="359" x="3" y="16">America</W>
		<W l="311" t="317" r="396" b="362" x="4" y="16">eel</W>
	</L><L l="39" t="381" b="393" r="182" i="8"><W l="39" t="381" r="71" b="393" x="1" y="17">ACH</W>
		<W l="77" t="381" r="100" b="393" x="2" y="17">FIR</W>
		<W l="105" t="381" r="182" b="393" x="3" y="17">011400495</W>
	</L><L l="52" t="407" b="456" r="1095" i="9"><W l="52" t="434" r="82" b="450" x="1" y="18">For</W>
		<W l="97" t="417" r="131" b="445" x="2" y="18">‘-;-</W>
		<W l="140" t="419" r="228" b="445" x="3" y="18">6'0°'</W>
		<W l="249" t="420" r="311" b="448" x="4" y="18">'117</W>
		<W l="826" t="407" r="861" b="448" x="5" y="18">A</W>
		<W l="963" t="433" r="1010" b="456" x="7" y="18">lira</W>
		<W l="1028" t="417" r="1095" b="453" x="8" y="18">AAA</W>
	</L><L l="64" t="475" b="500" r="775" i="10"><W l="64" t="476" r="108" b="499" x="1" y="19">1:0</W>
		<W l="121" t="475" r="132" b="499" x="2" y="19">1</W>
		<W l="146" t="476" r="231" b="500" x="3" y="19">1400</W>
		<W l="240" t="475" r="281" b="500" x="4" y="19">49</W>
		<W l="291" t="475" r="330" b="499" x="5" y="19">51:</W>
		<W l="366" t="475" r="675" b="500" x="6" y="19">3880039926049'</W>
		<W l="714" t="476" r="775" b="500" x="7" y="19">248</W>
	</L></CCO>
