<S>
  <P type="FirstNationalPage">
    <V n="HostID">16</V>
    <V n="HostName">FirstNational</V>
    <F type="Nam">
      <V n="Position">85,95,553,207</V>
    </F>
    <F type="Amt">
      <V n="Position">1356,266,1673,388</V>
    </F>
    <F type="Acc">
      <V n="Position">194,619,862,688</V>
    </F>
    <F type="Dat">
      <V n="Position">1165,140,1654,250</V>
    </F>
    <F type="Rout">
      <V n="Position">135,715,476,779</V>
    </F>
    <F type="Name">
      <V n="Position">106,95,569,196</V>
    </F>
    <F type="Date">
      <V n="Position">1160,143,1543,258</V>
    </F>
    <F type="Account">
      <V n="Position">196,627,830,688</V>
    </F>
    <F type="Amount">
      <V n="Position">1346,266,1718,356</V>
    </F>
    <F type="BankName">
      <V n="Position">109,500,582,582</V>
    </F>
    <F type="Amount In Words">
      <V n="Position">98,279,1343,454</V>
    </F>
    <F type="CheckName">
      <V n="Position">103,95,566,196</V>
    </F>
    <F type="CheckDate">
      <V n="Position">1165,154,1548,268</V>
    </F>
    <F type="AccountNumber">
      <V n="Position">202,625,835,686</V>
    </F>
    <F type="CheckAmount">
      <V n="Position">1364,281,1737,372</V>
    </F>
    <F type="AmountInWords">
      <V n="Position">111,279,1356,454</V>
    </F>
  </P>
</S>