<?xml version="1.0"?>
<CCO path="c:\datacap\processchq\fingerprint\558.cco">
	<L l="1195" t="0" b="3" r="1196" i="1"><W l="1195" t="0" r="1196" b="3" x="1" y="2">.</W>
	</L><L l="6" t="9" b="20" r="8" i="2"><W l="6" t="9" r="8" b="20" x="1" y="1">;</W>
	</L><L l="72" t="64" b="90" r="1102" i="3"><W l="72" t="66" r="162" b="86" x="1" y="3">ROGER</W>
		<W l="176" t="66" r="197" b="84" x="2" y="3">T.</W>
		<W l="211" t="64" r="327" b="85" x="3" y="3">STEVENS</W>
		<W l="354" t="68" r="373" b="83" x="4" y="3">10</W>
		<W l="381" t="68" r="401" b="83" x="5" y="3">86</W>
		<W l="743" t="65" r="813" b="89" x="6" y="3">93-2:977</W>
		<W l="1035" t="64" r="1102" b="90" x="7" y="3">776</W>
	</L><L l="72" t="89" b="112" r="786" i="4"><W l="72" t="92" r="196" b="112" x="1" y="4">BARBARA</W>
		<W l="209" t="92" r="232" b="111" x="2" y="4">A.</W>
		<W l="246" t="90" r="361" b="111" x="3" y="4">STEVENS</W>
		<W l="755" t="89" r="786" b="103" x="4" y="4">1070</W>
	</L><L l="74" t="109" b="135" r="832" i="5"><W l="74" t="120" r="92" b="135" x="1" y="5">17</W>
		<W l="102" t="119" r="177" b="134" x="2" y="5">CASTLE</W>
		<W l="188" t="119" r="243" b="134" x="3" y="5">ROCK</W>
		<W l="254" t="119" r="284" b="134" x="4" y="5">RD.</W>
		<W l="305" t="118" r="335" b="132" x="5" y="5">PH.</W>
		<W l="346" t="118" r="428" b="133" x="6" y="5">896-1293</W>
		<W l="739" t="109" r="832" b="127" x="7" y="5">1309.90531V</W>
	</L><L l="72" t="112" b="161" r="937" i="6"><W l="72" t="142" r="104" b="158" x="1" y="6">RIO</W>
		<W l="115" t="142" r="204" b="160" x="2" y="6">RANCHO,</W>
		<W l="216" t="142" r="244" b="157" x="3" y="6">NM</W>
		<W l="264" t="141" r="317" b="158" x="4" y="6">87124</W>
		<W l="710" t="143" r="747" b="157" x="5" y="6">Date</W>
		<W l="760" t="127" r="847" b="161" x="6" y="6">0714,</W>
		<W l="853" t="112" r="894" b="157" x="7" y="6">/</W>
		<W l="916" t="129" r="937" b="153" x="8" y="6">7</W>
	</L><L l="70" t="178" b="222" r="1111" i="7"><W l="70" t="205" r="97" b="222" x="1" y="7">Pay</W>
		<W l="102" t="206" r="118" b="219" x="2" y="7">to</W>
		<W l="123" t="204" r="148" b="218" x="3" y="7">the</W>
		<W l="1064" t="178" r="1111" b="213" x="4" y="7">75</W>
	</L><L l="69" t="196" b="245" r="1120" i="8"><W l="69" t="227" r="135" b="242" x="1" y="8">Ciderof</W>
		<W l="174" t="219" r="312" b="244" x="2" y="8">...e_a_a_e_,..,,</W>
		<W l="319" t="199" r="437" b="245" x="3" y="8">(Lea-,</W>
		<W l="443" t="231" r="450" b="239" x="4" y="8">•</W>
		<W l="454" t="228" r="472" b="234" x="5" y="8">-</W>
		<W l="478" t="226" r="485" b="234" x="6" y="8">•</W>
		<W l="499" t="226" r="505" b="234" x="7" y="8">1</W>
		<W l="533" t="204" r="613" b="236" x="8" y="8">Olt?</W>
		<W l="622" t="213" r="687" b="237" x="9" y="8">..€•,7"</W>
		<W l="716" t="196" r="845" b="235" x="1" y="9">data</W>
		<W l="879" t="218" r="881" b="241" x="2" y="9">1</W>
		<W l="901" t="203" r="963" b="240" x="3" y="9">s.,..Z</W>
		<W l="970" t="202" r="1028" b="240" x="4" y="9">X</W>
		<W l="1070" t="214" r="1120" b="230" x="5" y="9">c-c</W>
	</L><L l="65" t="243" b="310" r="1108" i="9"><W l="65" t="260" r="384" b="310" x="1" y="10">jeA-A,0/0i-rves-et,</W>
		<W l="769" t="243" r="831" b="284" x="1" y="11">?....r</W>
		<W l="796" t="272" r="883" b="291" x="1" y="13">ect•'."</W>
		<W l="870" t="270" r="911" b="276" x="1" y="12">_.</W>
		<W l="877" t="288" r="889" b="300" x="1" y="14">.7</W>
		<W l="925" t="284" r="980" b="299" x="2" y="14">Dollars</W>
		<W l="1001" t="274" r="1022" b="303" x="3" y="14">8</W>
		<W l="1043" t="280" r="1108" b="303" x="4" y="14">a..:</W>
	</L><L l="184" t="330" b="350" r="718" i="10"><W l="184" t="332" r="225" b="346" x="1" y="15">Wells</W>
		<W l="231" t="332" r="274" b="350" x="2" y="15">Fargo</W>
		<W l="280" t="330" r="317" b="345" x="3" y="15">Bank</W>
		<W l="323" t="331" r="358" b="345" x="4" y="15">New</W>
		<W l="363" t="330" r="422" b="346" x="5" y="15">Mexico,</W>
		<W l="427" t="330" r="457" b="344" x="6" y="15">NA.</W>
		<W l="674" t="334" r="718" b="343" x="7" y="15">o—</W>
	</L><L l="27" t="334" b="389" r="706" i="11"><W l="27" t="373" r="33" b="386" x="1" y="18">J</W>
		<W l="89" t="355" r="155" b="373" x="1" y="17">iniap</W>
		<W l="92" t="373" r="154" b="384" x="2" y="18">FARGO</W>
		<W l="184" t="353" r="220" b="367" x="2" y="17">8001</W>
		<W l="185" t="373" r="246" b="388" x="3" y="18">Kirtland</W>
		<W l="227" t="353" r="282" b="367" x="3" y="17">Gibson</W>
		<W l="251" t="373" r="315" b="389" x="4" y="18">AMNIA</W>
		<W l="288" t="351" r="321" b="366" x="4" y="17">Blvd</W>
		<W l="321" t="373" r="369" b="387" x="5" y="18">87116</W>
		<W l="327" t="352" r="344" b="366" x="5" y="17">SE</W>
		<W l="350" t="351" r="410" b="369" x="6" y="17">6919.20</W>
		<W l="414" t="352" r="417" b="365" x="7" y="17">I</W>
		<W l="422" t="352" r="440" b="365" x="8" y="17">70</W>
		<W l="606" t="334" r="706" b="368" x="1" y="16">TaMK:</W>
	</L><L l="184" t="394" b="411" r="348" i="12"><W l="184" t="394" r="310" b="411" x="1" y="19">wsvwskeIlsforgo</W>
		<W l="314" t="397" r="348" b="408" x="2" y="19">cam</W>
	</L><L l="27" t="403" b="451" r="1129" i="13"><W l="27" t="422" r="33" b="443" x="1" y="21">I</W>
		<W l="655" t="403" r="704" b="451" x="2" y="20">1</W>
		<W l="710" t="442" r="720" b="447" x="2" y="22">-</W>
		<W l="856" t="409" r="937" b="451" x="3" y="20">ala</W>
		<W l="966" t="436" r="1011" b="450" x="3" y="21">CO,</W>
		<W l="1021" t="438" r="1027" b="445" x="4" y="21">•</W>
		<W l="1039" t="435" r="1050" b="445" x="5" y="21">I</W>
		<W l="1057" t="442" r="1061" b="447" x="6" y="21">•</W>
		<W l="1110" t="436" r="1129" b="448" x="7" y="21">me</W>
	</L><L l="27" t="453" b="460" r="33" i="14"><W l="27" t="453" r="33" b="460" x="1" y="20">.</W>
	</L><L l="69" t="435" b="456" r="830" i="15"><W l="69" t="441" r="120" b="455" x="2" y="21">Memo</W>
		<W l="632" t="443" r="657" b="456" x="1" y="22">_,..-</W>
		<W l="730" t="435" r="830" b="452" x="3" y="22">-42-rx--.....-</W>
	</L><L l="67" t="479" b="507" r="751" i="16"><W l="67" t="482" r="85" b="507" x="1" y="23">I:</W>
		<W l="99" t="483" r="135" b="507" x="2" y="23">10</W>
		<W l="146" t="483" r="209" b="507" x="3" y="23">700</W>
		<W l="223" t="483" r="234" b="507" x="4" y="23">2</W>
		<W l="248" t="482" r="283" b="507" x="5" y="23">L9</W>
		<W l="296" t="481" r="332" b="506" x="6" y="23">21:</W>
		<W l="346" t="479" r="603" b="506" x="7" y="23">L009901331211'</W>
		<W l="634" t="480" r="678" b="504" x="8" y="23">00</W>
		<W l="689" t="479" r="702" b="503" x="9" y="23">7</W>
		<W l="714" t="479" r="751" b="503" x="10" y="23">76</W>
	</L></CCO>
