<S>
  <P type="BBVAPage">
    <V n="HostID">17</V>
    <V n="HostName">BBVA</V>
    <F type="AmtChar">
      <V n="Position">56,182,892,327</V>
    </F>
    <F type="Rout">
      <V n="Position">99,465,322,515</V>
    </F>
    <F type="Date">
      <V n="Position">697,86,906,173</V>
    </F>
    <F type="Amount">
      <V n="Position">922,182,1161,267</V>
    </F>
    <F type="Account">
      <V n="Position">228,396,635,469</V>
    </F>
    <F type="Name">
      <V n="Position">53,49,478,173</V>
    </F>
    <F type="BankName">
      <V n="Position">69,329,405,391</V>
    </F>
    <F type="CheckName">
      <V n="Position">53,51,479,175</V>
    </F>
    <F type="CheckDate">
      <V n="Position">711,88,920,175</V>
    </F>
    <F type="AccountNumber">
      <V n="Position">224,394,632,467</V>
    </F>
    <F type="CheckAmount">
      <V n="Position">917,182,1156,267</V>
    </F>
    <F type="AmountInWords">
      <V n="Position">61,180,897,325</V>
    </F>
  </P>
</S>