<?xml version="1.0"?>
<CCO path="c:\datacap\processchq\fingerprint\559.cco">
	<L l="21" t="34" b="63" r="1175" i="1"><W l="21" t="45" r="28" b="63" x="1" y="1">!I</W>
		<W l="1173" t="34" r="1175" b="54" x="2" y="1">I</W>
	</L><L l="70" t="56" b="84" r="1191" i="2"><W l="70" t="58" r="194" b="83" x="1" y="2">GEORGE</W>
		<W l="203" t="57" r="287" b="81" x="2" y="2">BLUM</W>
		<W l="1044" t="56" r="1113" b="82" x="3" y="2">1206</W>
		<W l="1184" t="59" r="1191" b="84" x="4" y="2">.!</W>
	</L><L l="22" t="86" b="178" r="1192" i="3"><W l="22" t="91" r="25" b="110" x="1" y="3">I</W>
		<W l="23" t="117" r="31" b="134" x="1" y="4">i.</W>
		<W l="24" t="137" r="26" b="148" x="1" y="8">I</W>
		<W l="32" t="148" r="35" b="149" x="2" y="8">-</W>
		<W l="38" t="153" r="42" b="178" x="1" y="10">)</W>
		<W l="70" t="88" r="202" b="111" x="2" y="3">BEVERLY</W>
		<W l="71" t="117" r="111" b="134" x="2" y="4">4271</W>
		<W l="72" t="138" r="196" b="157" x="3" y="8">STOCKTON,</W>
		<W l="120" t="117" r="201" b="133" x="3" y="4">ROUND</W>
		<W l="203" t="138" r="232" b="155" x="4" y="8">CA</W>
		<W l="207" t="116" r="289" b="133" x="4" y="4">VALLEY</W>
		<W l="210" t="86" r="295" b="110" x="3" y="3">BLUM</W>
		<W l="243" t="138" r="295" b="155" x="5" y="8">95207</W>
		<W l="295" t="115" r="335" b="131" x="5" y="4">CIR.</W>
		<W l="790" t="127" r="808" b="148" x="7" y="8">7</W>
		<W l="852" t="120" r="859" b="147" x="9" y="8">(</W>
		<W l="873" t="115" r="894" b="147" x="10" y="8">7</W>
		<W l="875" t="152" r="879" b="156" x="2" y="10">'</W>
		<W l="931" t="151" r="977" b="167" x="3" y="10">Doti?</W>
		<W l="1025" t="98" r="1115" b="112" x="1" y="5">90.7053/1211</W>
		<W l="1076" t="118" r="1117" b="132" x="1" y="9">32346</W>
		<W l="1174" t="131" r="1187" b="153" x="4" y="10">4</W>
		<W l="1185" t="102" r="1188" b="122" x="2" y="5">i</W>
		<W l="1188" t="135" r="1192" b="174" x="1" y="11">1</W>
		<W l="1189" t="123" r="1191" b="133" x="1" y="6">1</W>
		<W l="1190" t="113" r="1192" b="116" x="1" y="7">.</W>
	</L><L l="23" t="181" b="341" r="1191" i="4"><W l="23" t="181" r="26" b="213" x="1" y="12">i</W>
		<W l="23" t="218" r="41" b="250" x="1" y="13">ri</W>
		<W l="23" t="245" r="41" b="277" x="1" y="15">0</W>
		<W l="24" t="284" r="27" b="302" x="1" y="16">1</W>
		<W l="25" t="306" r="43" b="341" x="1" y="20">i!1</W>
		<W l="38" t="183" r="41" b="226" x="2" y="12">I</W>
		<W l="39" t="273" r="43" b="303" x="2" y="16">i</W>
		<W l="62" t="194" r="108" b="219" x="3" y="12">Pay</W>
		<W l="62" t="220" r="137" b="243" x="2" y="13">Order</W>
		<W l="117" t="194" r="140" b="214" x="4" y="12">to</W>
		<W l="145" t="221" r="171" b="242" x="3" y="13">of</W>
		<W l="149" t="192" r="189" b="214" x="5" y="12">the</W>
		<W l="200" t="255" r="269" b="294" x="4" y="16">hull</W>
		<W l="205" t="205" r="262" b="240" x="4" y="13">—II</W>
		<W l="272" t="202" r="325" b="245" x="5" y="13">A-A</W>
		<W l="280" t="254" r="301" b="294" x="5" y="16">d</W>
		<W l="309" t="253" r="370" b="299" x="6" y="16">i^e/i</W>
		<W l="355" t="204" r="410" b="238" x="6" y="13">Ck</W>
		<W l="387" t="264" r="406" b="290" x="7" y="16">i</W>
		<W l="421" t="208" r="450" b="236" x="7" y="13">e</W>
		<W l="459" t="207" r="486" b="245" x="8" y="13">F</W>
		<W l="561" t="263" r="582" b="289" x="9" y="16">1</W>
		<W l="644" t="270" r="662" b="293" x="10" y="16">7-</W>
		<W l="661" t="271" r="692" b="292" x="1" y="17">4,/</W>
		<W l="852" t="281" r="854" b="283" x="2" y="17">•</W>
		<W l="902" t="203" r="946" b="237" x="9" y="13">I$</W>
		<W l="929" t="272" r="1022" b="293" x="3" y="17">Dollars</W>
		<W l="978" t="204" r="1059" b="243" x="10" y="13">4.0,</W>
		<W l="1048" t="266" r="1086" b="294" x="4" y="17">n</W>
		<W l="1076" t="199" r="1114" b="224" x="11" y="13">50</W>
		<W l="1105" t="267" r="1141" b="296" x="5" y="17">sar</W>
		<W l="1149" t="289" r="1163" b="297" x="1" y="18">i.</W>
		<W l="1151" t="301" r="1170" b="308" x="2" y="24">W</W>
		<W l="1172" t="198" r="1190" b="240" x="12" y="13">II</W>
		<W l="1172" t="251" r="1174" b="254" x="1" y="14">•</W>
		<W l="1187" t="252" r="1189" b="262" x="2" y="14">,</W>
		<W l="1187" t="264" r="1189" b="286" x="2" y="18">:</W>
		<W l="1189" t="293" r="1191" b="296" x="1" y="19">.</W>
	</L><L l="26" t="339" b="380" r="1174" i="5"><W l="26" t="343" r="32" b="374" x="1" y="21">il</W>
		<W l="74" t="342" r="172" b="375" x="2" y="21">13I3VA</W>
		<W l="181" t="342" r="349" b="380" x="3" y="21">Compass</W>
		<W l="400" t="358" r="407" b="365" x="4" y="21">c</W>
		<W l="400" t="341" r="410" b="370" x="1" y="22">.c</W>
		<W l="403" t="344" r="447" b="371" x="1" y="23">.f.T,':,r</W>
		<W l="443" t="339" r="504" b="372" x="1" y="24">oVer</W>
		<W l="1172" t="353" r="1174" b="358" x="1" y="25">.</W>
	</L><L l="26" t="379" b="419" r="881" i="6"><W l="26" t="379" r="28" b="406" x="1" y="26">I</W>
		<W l="42" t="389" r="44" b="417" x="2" y="26">i</W>
		<W l="867" t="406" r="881" b="419" x="7" y="27">.</W>
	</L><L l="63" t="415" b="471" r="1188" i="7"><W l="63" t="432" r="105" b="453" x="1" y="27">For</W>
		<W l="122" t="415" r="170" b="450" x="2" y="27">Erfe</W>
		<W l="184" t="416" r="201" b="450" x="3" y="27">;ii</W>
		<W l="235" t="415" r="308" b="449" x="4" y="27">604i</W>
		<W l="318" t="418" r="394" b="452" x="5" y="27">406</W>
		<W l="846" t="429" r="852" b="446" x="6" y="27">f</W>
		<W l="1065" t="428" r="1071" b="440" x="1" y="28">I</W>
		<W l="1072" t="430" r="1120" b="463" x="1" y="29">4L.</W>
		<W l="1128" t="433" r="1147" b="444" x="2" y="28">hp</W>
		<W l="1170" t="456" r="1173" b="471" x="1" y="30">1</W>
		<W l="1185" t="445" r="1188" b="455" x="2" y="29">.</W>
		<W l="1186" t="435" r="1188" b="438" x="3" y="28">•</W>
	</L><L l="26" t="457" b="502" r="1189" i="8"><W l="26" t="477" r="44" b="496" x="1" y="33">I:</W>
		<W l="76" t="477" r="119" b="502" x="2" y="33">1:3</W>
		<W l="133" t="475" r="343" b="502" x="3" y="33">211705381:</W>
		<W l="376" t="475" r="417" b="500" x="4" y="33">6?</W>
		<W l="430" t="475" r="515" b="500" x="5" y="33">2908</W>
		<W l="528" t="475" r="638" b="499" x="6" y="33">2/3380</W>
		<W l="676" t="475" r="762" b="499" x="7" y="33">120g</W>
		<W l="1171" t="477" r="1174" b="495" x="1" y="31">:</W>
		<W l="1185" t="457" r="1189" b="497" x="1" y="32">I</W>
	</L><L l="148" t="516" b="529" r="1152" i="9"><W l="148" t="524" r="149" b="528" x="2" y="34">,</W>
		<W l="204" t="520" r="217" b="522" x="3" y="34">-</W>
		<W l="257" t="522" r="269" b="529" x="4" y="34">„</W>
		<W l="716" t="519" r="727" b="527" x="5" y="34">-</W>
		<W l="889" t="516" r="896" b="519" x="1" y="35">-</W>
		<W l="916" t="517" r="954" b="526" x="2" y="35">.,</W>
		<W l="1015" t="517" r="1032" b="519" x="3" y="35">-</W>
		<W l="1057" t="517" r="1068" b="526" x="4" y="35">,</W>
		<W l="1093" t="517" r="1104" b="519" x="5" y="35">.-</W>
		<W l="1133" t="518" r="1152" b="521" x="1" y="36">-</W>
	</L><L l="26" t="500" b="548" r="1190" i="10"><W l="26" t="504" r="73" b="535" x="1" y="34">I.--</W>
		<W l="1144" t="522" r="1170" b="548" x="1" y="37">1</W>
		<W l="1172" t="530" r="1176" b="533" x="1" y="39">'</W>
		<W l="1175" t="534" r="1184" b="548" x="1" y="40">.</W>
		<W l="1182" t="500" r="1190" b="520" x="1" y="38">1;</W>
	</L></CCO>
