<?xml version="1.0"?>
<CCO path="c:\datacap\processchq\fingerprint\560.cco">
	<L l="1192" t="0" b="4" r="1194" i="1"><W l="1192" t="0" r="1194" b="4" x="2" y="1">.</W>
	</L><L l="0" t="9" b="11" r="11" i="2"><W l="0" t="9" r="11" b="11" x="1" y="1">_</W>
	</L><L l="389" t="10" b="16" r="772" i="3"><W l="389" t="12" r="392" b="15" x="1" y="2">.</W>
		<W l="474" t="11" r="477" b="15" x="2" y="2">,</W>
		<W l="487" t="10" r="490" b="13" x="3" y="2">.</W>
		<W l="705" t="13" r="707" b="16" x="3" y="4">•</W>
		<W l="769" t="11" r="772" b="14" x="4" y="4">•</W>
	</L><L l="10" t="13" b="49" r="1190" i="4"><W l="10" t="34" r="22" b="48" x="1" y="3">b</W>
		<W l="200" t="46" r="203" b="49" x="1" y="6">•</W>
		<W l="238" t="45" r="242" b="49" x="2" y="6">--</W>
		<W l="252" t="39" r="259" b="47" x="3" y="6">-'</W>
		<W l="291" t="18" r="294" b="20" x="1" y="4">-</W>
		<W l="456" t="17" r="473" b="20" x="2" y="4">"</W>
		<W l="936" t="42" r="939" b="44" x="4" y="6">.</W>
		<W l="1155" t="13" r="1190" b="42" x="1" y="5">%I</W>
	</L><L l="910" t="54" b="56" r="913" i="5"><W l="910" t="54" r="913" b="56" x="1" y="7">.</W>
	</L><L l="903" t="58" b="61" r="906" i="6"><W l="903" t="58" r="906" b="61" x="1" y="8">'</W>
	</L><L l="1141" t="63" b="66" r="1143" i="7"><W l="1141" t="63" r="1143" b="66" x="3" y="8">•</W>
	</L><L l="51" t="74" b="77" r="54" i="8"><W l="51" t="74" r="54" b="77" x="1" y="9">.</W>
	</L><L l="80" t="78" b="89" r="887" i="9"><W l="80" t="79" r="82" b="82" x="2" y="9">.</W>
		<W l="524" t="78" r="536" b="83" x="3" y="9">..</W>
		<W l="571" t="79" r="588" b="84" x="4" y="9">.,</W>
		<W l="604" t="83" r="607" b="86" x="3" y="12">•</W>
		<W l="698" t="86" r="700" b="89" x="2" y="15">•</W>
		<W l="885" t="81" r="887" b="84" x="2" y="17">•</W>
	</L><L l="1006" t="56" b="83" r="1189" i="10"><W l="1006" t="56" r="1099" b="83" x="2" y="8">8398</W>
		<W l="1187" t="80" r="1189" b="83" x="4" y="8">.</W>
	</L><L l="87" t="77" b="111" r="926" i="11"><W l="87" t="84" r="206" b="107" x="1" y="10">HERBERT-</W>
		<W l="217" t="85" r="243" b="109" x="2" y="10">F.,</W>
		<W l="247" t="77" r="359" b="111" x="3" y="10">JASICK:•</W>
		<W l="378" t="84" r="407" b="98" x="4" y="10">'2"</W>
		<W l="407" t="86" r="418" b="97" x="1" y="11">-'</W>
		<W l="446" t="91" r="448" b="94" x="2" y="11">•</W>
		<W l="464" t="102" r="467" b="104" x="3" y="11">.</W>
		<W l="502" t="98" r="520" b="106" x="4" y="11">,..</W>
		<W l="529" t="94" r="531" b="97" x="5" y="11">•</W>
		<W l="547" t="94" r="549" b="97" x="6" y="11">.</W>
		<W l="555" t="99" r="558" b="102" x="1" y="12">.</W>
		<W l="575" t="96" r="579" b="99" x="2" y="12">.</W>
		<W l="629" t="101" r="631" b="104" x="1" y="13">.</W>
		<W l="638" t="108" r="640" b="111" x="5" y="20">'</W>
		<W l="659" t="101" r="664" b="107" x="1" y="14">.,</W>
		<W l="686" t="101" r="688" b="105" x="1" y="15">.</W>
		<W l="709" t="105" r="713" b="107" x="1" y="16">.</W>
		<W l="733" t="77" r="865" b="107" x="1" y="17">.0.-trit.</W>
		<W l="922" t="90" r="926" b="92" x="3" y="17">-</W>
	</L><L l="85" t="107" b="130" r="974" i="12"><W l="85" t="112" r="107" b="128" x="1" y="18">66</W>
		<W l="116" t="110" r="274" b="129" x="2" y="18">WALNUT.GROVE</W>
		<W l="283" t="109" r="318" b="128" x="3" y="18">RD.</W>
		<W l="331" t="112" r="368" b="128" x="4" y="18">P.O.</W>
		<W l="379" t="112" r="418" b="128" x="5" y="18">BOX</W>
		<W l="425" t="108" r="443" b="128" x="6" y="18">4'</W>
		<W l="471" t="115" r="474" b="117" x="1" y="19">"</W>
		<W l="484" t="108" r="489" b="126" x="2" y="19">:</W>
		<W l="498" t="116" r="503" b="119" x="3" y="19">-</W>
		<W l="509" t="107" r="516" b="124" x="4" y="19">-'</W>
		<W l="521" t="115" r="528" b="122" x="1" y="20">'•</W>
		<W l="554" t="109" r="559" b="130" x="2" y="20">:</W>
		<W l="579" t="117" r="581" b="120" x="3" y="20">•</W>
		<W l="614" t="119" r="617" b="122" x="4" y="20">-</W>
		<W l="662" t="115" r="664" b="118" x="1" y="21">'</W>
		<W l="669" t="122" r="672" b="124" x="1" y="22">•</W>
		<W l="971" t="127" r="974" b="129" x="4" y="22">-</W>
	</L><L l="851" t="123" b="143" r="1188" i="13"><W l="851" t="123" r="871" b="143" x="3" y="22">.77</W>
		<W l="1186" t="137" r="1188" b="141" x="1" y="23">•</W>
	</L><L l="914" t="147" b="163" r="982" i="14"><W l="914" t="147" r="982" b="163" x="1" y="26">20.___</W>
	</L><L l="86" t="156" b="172" r="739" i="15"><W l="86" t="156" r="116" b="172" x="1" y="24">PH,</W>
		<W l="127" t="156" r="250" b="172" x="2" y="24">203-438-6736</W>
		<W l="720" t="169" r="723" b="171" x="1" y="25">.</W>
		<W l="737" t="169" r="739" b="172" x="2" y="25">.</W>
	</L><L l="132" t="176" b="196" r="690" i="16"><W l="132" t="183" r="135" b="186" x="1" y="28">.</W>
		<W l="156" t="180" r="160" b="183" x="2" y="28">.</W>
		<W l="306" t="183" r="308" b="187" x="3" y="28">-</W>
		<W l="364" t="182" r="367" b="185" x="4" y="28">•</W>
		<W l="378" t="185" r="386" b="192" x="5" y="28">.-</W>
		<W l="418" t="180" r="422" b="182" x="6" y="28">-</W>
		<W l="433" t="176" r="436" b="178" x="1" y="27">.</W>
		<W l="448" t="182" r="450" b="185" x="7" y="28">•</W>
		<W l="460" t="178" r="463" b="180" x="2" y="27">.</W>
		<W l="484" t="179" r="500" b="191" x="8" y="28">,--</W>
		<W l="508" t="184" r="527" b="193" x="9" y="28">„,.</W>
		<W l="590" t="191" r="593" b="194" x="1" y="29">.</W>
		<W l="643" t="185" r="646" b="188" x="2" y="29">.</W>
		<W l="660" t="178" r="667" b="196" x="3" y="29">:</W>
		<W l="688" t="177" r="690" b="180" x="4" y="29">-</W>
	</L><L l="156" t="200" b="203" r="756" i="17"><W l="156" t="200" r="159" b="203" x="4" y="30">'</W>
		<W l="752" t="201" r="756" b="203" x="1" y="32">.</W>
	</L><L l="771" t="198" b="210" r="1132" i="18"><W l="771" t="204" r="776" b="210" x="2" y="32">,</W>
		<W l="818" t="198" r="820" b="201" x="2" y="33">.</W>
		<W l="824" t="202" r="828" b="204" x="1" y="34">.</W>
		<W l="1130" t="199" r="1132" b="203" x="1" y="36">•</W>
	</L><L l="62" t="195" b="234" r="799" i="19"><W l="62" t="197" r="97" b="231" x="1" y="30">Ai!,</W>
		<W l="104" t="212" r="121" b="228" x="2" y="30">to</W>
		<W l="134" t="222" r="136" b="225" x="3" y="30">.</W>
		<W l="195" t="213" r="197" b="216" x="1" y="31">•</W>
		<W l="208" t="227" r="212" b="229" x="2" y="31">.</W>
		<W l="233" t="197" r="333" b="230" x="3" y="31">11A-A</W>
		<W l="343" t="195" r="433" b="232" x="4" y="31">-CIEF</W>
		<W l="476" t="199" r="482" b="218" x="5" y="31">:-</W>
		<W l="549" t="232" r="552" b="234" x="2" y="38">.</W>
		<W l="796" t="211" r="799" b="213" x="1" y="33">.</W>
	</L><L l="64" t="209" b="252" r="1126" i="20"><W l="64" t="232" r="91" b="247" x="1" y="37">the</W>
		<W l="97" t="231" r="146" b="250" x="2" y="37">order</W>
		<W l="151" t="231" r="172" b="252" x="3" y="37">of</W>
		<W l="208" t="250" r="218" b="251" x="1" y="38">_</W>
		<W l="556" t="250" r="560" b="252" x="1" y="35">.</W>
		<W l="574" t="236" r="577" b="239" x="1" y="39">.</W>
		<W l="615" t="235" r="617" b="238" x="2" y="39">.</W>
		<W l="655" t="230" r="657" b="234" x="3" y="39">.</W>
		<W l="741" t="222" r="744" b="225" x="4" y="39">•</W>
		<W l="782" t="220" r="785" b="222" x="5" y="39">•</W>
		<W l="788" t="225" r="790" b="228" x="1" y="40">'</W>
		<W l="797" t="229" r="799" b="233" x="2" y="40">•</W>
		<W l="847" t="233" r="852" b="236" x="3" y="40">-</W>
		<W l="900" t="209" r="929" b="240" x="4" y="40">$f</W>
		<W l="927" t="240" r="930" b="242" x="1" y="41">-</W>
		<W l="940" t="248" r="946" b="251" x="2" y="41">..</W>
		<W l="950" t="213" r="995" b="243" x="5" y="40">at</W>
		<W l="950" t="246" r="953" b="248" x="3" y="41">.</W>
		<W l="973" t="248" r="978" b="250" x="4" y="41">-</W>
		<W l="990" t="247" r="995" b="249" x="5" y="41">..</W>
		<W l="1008" t="247" r="1012" b="249" x="6" y="41">.</W>
		<W l="1043" t="248" r="1047" b="250" x="7" y="41">.</W>
		<W l="1084" t="248" r="1087" b="250" x="8" y="41">.</W>
		<W l="1119" t="246" r="1126" b="249" x="9" y="41">-</W>
	</L><L l="790" t="273" b="276" r="793" i="21"><W l="790" t="273" r="793" b="276" x="2" y="42">.</W>
	</L><L l="730" t="286" b="289" r="732" i="22"><W l="730" t="286" r="732" b="289" x="1" y="42">.</W>
	</L><L l="936" t="289" b="304" r="1004" i="23"><W l="936" t="289" r="1004" b="304" x="1" y="43">Dollar.s</W>
	</L><L l="36" t="302" b="316" r="597" i="24"><W l="36" t="304" r="40" b="316" x="1" y="44">,.</W>
		<W l="39" t="302" r="44" b="315" x="1" y="45">.,</W>
		<W l="41" t="313" r="44" b="316" x="1" y="46">.</W>
		<W l="593" t="313" r="597" b="315" x="2" y="46">.</W>
	</L><L l="752" t="314" b="324" r="868" i="25"><W l="752" t="319" r="755" b="321" x="1" y="48">.</W>
		<W l="760" t="316" r="762" b="319" x="1" y="47">.</W>
		<W l="768" t="321" r="772" b="324" x="2" y="48">.</W>
		<W l="865" t="314" r="868" b="317" x="2" y="47">.</W>
	</L><L l="306" t="328" b="330" r="309" i="26"><W l="306" t="328" r="309" b="330" x="3" y="49">-</W>
	</L><L l="86" t="327" b="346" r="1189" i="27"><W l="86" t="327" r="212" b="345" x="1" y="49">RIDGEFIELD</W>
		<W l="223" t="327" r="283" b="345" x="2" y="49">BANK</W>
		<W l="449" t="336" r="452" b="338" x="4" y="49">-</W>
		<W l="556" t="341" r="561" b="343" x="5" y="49">-</W>
		<W l="614" t="335" r="626" b="346" x="1" y="50">..</W>
		<W l="636" t="332" r="640" b="335" x="2" y="50">..</W>
		<W l="648" t="335" r="650" b="338" x="1" y="51">.</W>
		<W l="668" t="330" r="670" b="333" x="2" y="51">.</W>
		<W l="942" t="339" r="944" b="342" x="1" y="52">-</W>
		<W l="1075" t="333" r="1077" b="336" x="1" y="53">.</W>
		<W l="1187" t="341" r="1189" b="344" x="4" y="57">.</W>
	</L><L l="373" t="347" b="350" r="376" i="28"><W l="373" t="347" r="376" b="350" x="2" y="55">'</W>
	</L><L l="86" t="347" b="366" r="1085" i="29"><W l="86" t="347" r="160" b="364" x="1" y="54">FOUNDED</W>
		<W l="167" t="353" r="197" b="365" x="2" y="54">1871</W>
		<W l="351" t="352" r="353" b="355" x="3" y="54">'</W>
		<W l="356" t="348" r="365" b="363" x="1" y="55">.'</W>
		<W l="379" t="352" r="385" b="358" x="1" y="56">,</W>
		<W l="429" t="359" r="434" b="362" x="2" y="56">.</W>
		<W l="437" t="364" r="441" b="366" x="1" y="57">.</W>
		<W l="792" t="355" r="795" b="357" x="2" y="57">-</W>
		<W l="1082" t="352" r="1085" b="354" x="3" y="57">.</W>
	</L><L l="1035" t="367" b="370" r="1037" i="30"><W l="1035" t="367" r="1037" b="370" x="7" y="59">'</W>
	</L><L l="32" t="366" b="385" r="995" i="31"><W l="32" t="377" r="35" b="379" x="1" y="58">-</W>
		<W l="63" t="376" r="66" b="378" x="2" y="58">-</W>
		<W l="85" t="370" r="96" b="383" x="1" y="59">A</W>
		<W l="102" t="370" r="166" b="384" x="2" y="59">DIVISION</W>
		<W l="173" t="370" r="194" b="384" x="3" y="59">OF</W>
		<W l="199" t="366" r="342" b="385" x="4" y="59">FAJFIFIELD.000ffre</W>
		<W l="349" t="370" r="389" b="383" x="5" y="59">BANK</W>
		<W l="395" t="370" r="450" b="383" x="6" y="59">CORP_'</W>
		<W l="881" t="381" r="884" b="383" x="1" y="60">.</W>
		<W l="993" t="379" r="995" b="382" x="2" y="60">.</W>
	</L><L l="45" t="393" b="397" r="48" i="32"><W l="45" t="393" r="48" b="397" x="1" y="61">•</W>
	</L><L l="52" t="407" b="410" r="55" i="33"><W l="52" t="407" r="55" b="410" x="1" y="66">"</W>
	</L><L l="87" t="388" b="410" r="949" i="34"><W l="87" t="390" r="111" b="402" x="2" y="61">150</W>
		<W l="117" t="388" r="189" b="403" x="3" y="61">DANBURY</W>
		<W l="195" t="388" r="237" b="402" x="4" y="61">ROAD</W>
		<W l="280" t="400" r="283" b="402" x="5" y="61">.</W>
		<W l="341" t="388" r="344" b="390" x="6" y="61">.</W>
		<W l="357" t="389" r="360" b="392" x="1" y="62">'</W>
		<W l="417" t="396" r="419" b="399" x="2" y="62">•</W>
		<W l="427" t="391" r="429" b="393" x="3" y="62">'</W>
		<W l="499" t="394" r="503" b="398" x="4" y="62">,</W>
		<W l="522" t="388" r="524" b="392" x="5" y="62">•</W>
		<W l="567" t="402" r="570" b="404" x="6" y="66">-</W>
		<W l="598" t="404" r="605" b="410" x="7" y="66">,.</W>
		<W l="614" t="405" r="619" b="407" x="8" y="66">_</W>
		<W l="720" t="403" r="722" b="406" x="1" y="64">,</W>
		<W l="759" t="396" r="763" b="398" x="1" y="65">.</W>
		<W l="778" t="388" r="781" b="393" x="2" y="65">.</W>
		<W l="934" t="392" r="937" b="395" x="3" y="65">•</W>
		<W l="945" t="396" r="949" b="400" x="4" y="65">,</W>
	</L><L l="77" t="407" b="428" r="1016" i="35"><W l="77" t="416" r="79" b="419" x="2" y="66">.</W>
		<W l="85" t="407" r="177" b="426" x="3" y="66">RIDGEFIELD,</W>
		<W l="184" t="407" r="293" b="420" x="4" y="66">CONNECTICUT</W>
		<W l="298" t="407" r="343" b="419" x="5" y="66">06877.</W>
		<W l="1012" t="425" r="1016" b="428" x="1" y="67">.</W>
	</L><L l="1053" t="428" b="431" r="1188" i="36"><W l="1053" t="429" r="1057" b="431" x="1" y="68">,</W>
		<W l="1186" t="428" r="1188" b="431" x="2" y="68">.</W>
	</L><L l="1085" t="434" b="448" r="1132" i="37"><W l="1085" t="434" r="1087" b="437" x="2" y="69">'</W>
		<W l="1113" t="435" r="1132" b="448" x="3" y="69">AT</W>
	</L><L l="72" t="445" b="461" r="104" i="38"><W l="72" t="445" r="104" b="461" x="1" y="69">Fbr</W>
	</L><L l="43" t="483" b="487" r="45" i="39"><W l="43" t="483" r="45" b="487" x="1" y="70">.</W>
	</L><L l="56" t="473" b="505" r="1143" i="40"><W l="56" t="488" r="60" b="494" x="1" y="71">•</W>
		<W l="63" t="477" r="81" b="498" x="2" y="71">r</W>
		<W l="95" t="476" r="106" b="501" x="3" y="71">2</W>
		<W l="119" t="476" r="131" b="500" x="4" y="71">2</W>
		<W l="145" t="476" r="205" b="500" x="5" y="71">Lk?</W>
		<W l="218" t="474" r="255" b="501" x="6" y="71">2:2</W>
		<W l="265" t="474" r="333" b="500" x="7" y="71">704.</W>
		<W l="345" t="475" r="352" b="491" x="8" y="71">,•</W>
		<W l="355" t="475" r="427" b="501" x="1" y="72">.60,5</W>
		<W l="446" t="483" r="449" b="488" x="2" y="72">,</W>
		<W l="457" t="473" r="538" b="499" x="3" y="72">ass-</W>
		<W l="547" t="497" r="551" b="499" x="1" y="73">.</W>
		<W l="560" t="474" r="574" b="498" x="2" y="73">3</W>
		<W l="583" t="474" r="648" b="498" x="3" y="73">600</W>
		<W l="679" t="473" r="773" b="498" x="4" y="73">8.3"98</W>
		<W l="1071" t="482" r="1073" b="485" x="5" y="73">.</W>
		<W l="1072" t="501" r="1074" b="505" x="1" y="75">.</W>
		<W l="1117" t="486" r="1119" b="490" x="6" y="73">.</W>
		<W l="1140" t="498" r="1143" b="501" x="1" y="74">,</W>
	</L><L l="1033" t="507" b="510" r="1036" i="41"><W l="1033" t="507" r="1036" b="510" x="4" y="77">•</W>
	</L><L l="9" t="512" b="535" r="182" i="42"><W l="9" t="519" r="21" b="535" x="1" y="76">e</W>
		<W l="39" t="514" r="43" b="518" x="1" y="77">.</W>
		<W l="56" t="517" r="88" b="526" x="2" y="78">'‘)"</W>
		<W l="61" t="512" r="64" b="514" x="2" y="77">.</W>
		<W l="93" t="515" r="97" b="518" x="3" y="77">.</W>
		<W l="163" t="518" r="166" b="521" x="1" y="79">'</W>
		<W l="180" t="519" r="182" b="522" x="1" y="80">'</W>
	</L><L l="19" t="513" b="546" r="1189" i="43"><W l="19" t="532" r="35" b="546" x="1" y="78">Cn</W>
		<W l="293" t="543" r="298" b="546" x="1" y="81">.</W>
		<W l="368" t="542" r="381" b="546" x="2" y="81">..</W>
		<W l="400" t="544" r="403" b="546" x="3" y="81">.</W>
		<W l="414" t="543" r="442" b="546" x="4" y="81">„._</W>
		<W l="462" t="543" r="464" b="546" x="5" y="81">.</W>
		<W l="511" t="542" r="514" b="544" x="6" y="81">.</W>
		<W l="584" t="542" r="589" b="545" x="7" y="81">,</W>
		<W l="614" t="544" r="616" b="546" x="8" y="81">.</W>
		<W l="696" t="540" r="698" b="543" x="9" y="81">.</W>
		<W l="719" t="542" r="722" b="544" x="10" y="81">.</W>
		<W l="740" t="541" r="745" b="544" x="11" y="81">,</W>
		<W l="758" t="543" r="761" b="545" x="12" y="81">.</W>
		<W l="858" t="540" r="870" b="544" x="13" y="81">..</W>
		<W l="1050" t="515" r="1052" b="519" x="5" y="77">.</W>
		<W l="1095" t="540" r="1098" b="542" x="14" y="81">.</W>
		<W l="1152" t="524" r="1170" b="541" x="15" y="81">6)-</W>
		<W l="1166" t="513" r="1187" b="529" x="6" y="77">9.</W>
		<W l="1184" t="533" r="1189" b="540" x="16" y="81">,</W>
	</L></CCO>
