<?xml version="1.0"?>
<CCO path="c:\datacap\processchq\fingerprint\562.cco">
	<L l="8" t="2" b="18" r="45" i="1"><W l="8" t="2" r="45" b="18" x="1" y="3">r.</W>
	</L><L l="5" t="28" b="31" r="8" i="2"><W l="5" t="28" r="8" b="31" x="1" y="1">•</W>
	</L><L l="56" t="31" b="59" r="801" i="3"><W l="56" t="35" r="144" b="57" x="1" y="5">PAULA</W>
		<W l="152" t="36" r="260" b="57" x="2" y="5">WALLER</W>
		<W l="614" t="40" r="621" b="50" x="1" y="4">A</W>
		<W l="741" t="43" r="801" b="59" x="3" y="5">—30</W>
		<W l="742" t="31" r="780" b="44" x="1" y="2">39-64</W>
	</L><L l="623" t="70" b="78" r="638" i="4"><W l="623" t="70" r="638" b="78" x="6" y="7">.'-</W>
	</L><L l="747" t="43" b="71" r="1086" i="5"><W l="747" t="57" r="776" b="70" x="1" y="6">1930</W>
		<W l="993" t="43" r="1086" b="71" x="4" y="5">3688</W>
	</L><L l="55" t="51" b="114" r="668" i="6"><W l="55" t="96" r="110" b="112" x="1" y="9">11509</W>
		<W l="57" t="66" r="144" b="88" x="1" y="7">LARRY</W>
		<W l="116" t="96" r="228" b="114" x="2" y="9">ARBROATH</W>
		<W l="152" t="68" r="172" b="88" x="2" y="7">J.</W>
		<W l="179" t="60" r="321" b="92" x="3" y="7">WALLER-r</W>
		<W l="236" t="96" r="266" b="114" x="3" y="9">LN,</W>
		<W l="331" t="63" r="352" b="85" x="4" y="7">0</W>
		<W l="359" t="51" r="606" b="92" x="5" y="7">/073-1570)-t•</W>
		<W l="641" t="73" r="668" b="111" x="1" y="8">'6</W>
	</L><L l="54" t="96" b="159" r="956" i="7"><W l="54" t="119" r="134" b="139" x="1" y="10">AUSTIN.</W>
		<W l="140" t="120" r="166" b="137" x="2" y="10">TX</W>
		<W l="177" t="120" r="285" b="137" x="3" y="10">78754-5958</W>
		<W l="436" t="121" r="442" b="130" x="1" y="14">4</W>
		<W l="441" t="123" r="455" b="159" x="2" y="14">\</W>
		<W l="696" t="127" r="732" b="140" x="4" y="10">DATE</W>
		<W l="743" t="96" r="818" b="136" x="5" y="10">-5...-</W>
		<W l="823" t="97" r="900" b="144" x="1" y="11">/1</W>
		<W l="908" t="106" r="956" b="153" x="2" y="11">77</W>
	</L><L l="54" t="183" b="199" r="138" i="8"><W l="54" t="183" r="81" b="197" x="1" y="12">PAY</W>
		<W l="84" t="184" r="106" b="197" x="2" y="12">TO</W>
		<W l="110" t="184" r="138" b="199" x="3" y="12">THE</W>
	</L><L l="54" t="203" b="217" r="126" i="9"><W l="54" t="203" r="102" b="217" x="1" y="13">ORDER</W>
		<W l="107" t="204" r="126" b="216" x="2" y="13">OF</W>
	</L><L l="115" t="240" b="288" r="1118" i="10"><W l="115" t="250" r="158" b="279" x="2" y="16">Kii</W>
		<W l="189" t="240" r="202" b="279" x="3" y="16">\</W>
		<W l="924" t="270" r="988" b="284" x="6" y="16">DOUARS</W>
		<W l="1011" t="259" r="1032" b="288" x="7" y="16">8</W>
		<W l="1052" t="263" r="1118" b="288" x="8" y="16">7-2,:r.</W>
	</L><L l="423" t="292" b="308" r="611" i="11"><W l="423" t="292" r="452" b="308" x="1" y="17">.,,</W>
		<W l="451" t="300" r="454" b="303" x="1" y="18">.</W>
		<W l="503" t="304" r="506" b="306" x="2" y="18">.</W>
		<W l="574" t="293" r="595" b="305" x="1" y="20">.-,</W>
		<W l="605" t="299" r="611" b="306" x="2" y="20">:</W>
	</L><L l="54" t="295" b="336" r="476" i="12"><W l="54" t="302" r="195" b="332" x="1" y="19">CHASE</W>
		<W l="209" t="295" r="250" b="336" x="2" y="19">CP</W>
		<W l="283" t="305" r="292" b="331" x="3" y="19">I'</W>
		<W l="428" t="325" r="453" b="334" x="4" y="19">:-,</W>
		<W l="470" t="325" r="476" b="329" x="5" y="19">-</W>
	</L><L l="362" t="341" b="343" r="366" i="13"><W l="362" t="341" r="366" b="343" x="6" y="22">-</W>
	</L><L l="463" t="347" b="349" r="467" i="14"><W l="463" t="347" r="467" b="349" x="8" y="22">-</W>
	</L><L l="55" t="326" b="365" r="973" i="15"><W l="55" t="341" r="135" b="360" x="1" y="22">SPIVIorgan</W>
		<W l="141" t="342" r="187" b="356" x="2" y="22">Chase</W>
		<W l="194" t="342" r="236" b="358" x="3" y="22">Bank,</W>
		<W l="242" t="341" r="276" b="357" x="4" y="22">N.A.</W>
		<W l="330" t="354" r="334" b="356" x="5" y="22">.</W>
		<W l="416" t="340" r="455" b="365" x="7" y="22">.-7,-i—</W>
		<W l="473" t="353" r="476" b="355" x="9" y="22">-</W>
		<W l="485" t="338" r="529" b="363" x="10" y="22">J1</W>
		<W l="542" t="345" r="545" b="348" x="11" y="22">'</W>
		<W l="571" t="349" r="579" b="362" x="12" y="22">:</W>
		<W l="592" t="343" r="595" b="345" x="13" y="22">.</W>
		<W l="599" t="346" r="602" b="349" x="14" y="22">'</W>
		<W l="607" t="346" r="612" b="360" x="15" y="22">:</W>
		<W l="622" t="357" r="624" b="361" x="16" y="22">,</W>
		<W l="639" t="352" r="641" b="355" x="17" y="22">•</W>
		<W l="645" t="346" r="648" b="355" x="18" y="22">1</W>
		<W l="805" t="347" r="809" b="353" x="19" y="22">'</W>
		<W l="967" t="326" r="973" b="354" x="1" y="21">/1</W>
	</L><L l="56" t="353" b="399" r="1118" i="16"><W l="56" t="361" r="179" b="398" x="1" y="23">www.carami</W>
		<W l="252" t="372" r="276" b="387" x="2" y="23">n</W>
		<W l="297" t="379" r="305" b="381" x="1" y="24">_</W>
		<W l="359" t="353" r="390" b="391" x="2" y="24">c)</W>
		<W l="387" t="357" r="418" b="399" x="1" y="25">,,,.S?</W>
		<W l="414" t="365" r="482" b="395" x="1" y="26">..:!..t&amp;f.i.:</W>
		<W l="1092" t="383" r="1103" b="389" x="1" y="30">._</W>
		<W l="1115" t="383" r="1118" b="385" x="1" y="31">.</W>
	</L><L l="824" t="409" b="413" r="826" i="17"><W l="824" t="409" r="826" b="413" x="5" y="34">'</W>
	</L><L l="54" t="387" b="434" r="1151" i="18"><W l="54" t="387" r="330" b="434" x="1" y="32">44E440..--0ail-ka.</W>
		<W l="326" t="415" r="338" b="422" x="1" y="33">-</W>
		<W l="351" t="396" r="566" b="434" x="2" y="33">Oi0.T3.1.-</W>
		<W l="566" t="417" r="572" b="419" x="1" y="34">-</W>
		<W l="584" t="425" r="589" b="427" x="2" y="34">_</W>
		<W l="660" t="419" r="665" b="421" x="3" y="34">-</W>
		<W l="758" t="388" r="789" b="431" x="1" y="27">a</W>
		<W l="766" t="417" r="770" b="420" x="4" y="34">-</W>
		<W l="876" t="391" r="892" b="430" x="1" y="28">(</W>
		<W l="1028" t="398" r="1128" b="429" x="6" y="34">1...-c....-</W>
		<W l="1147" t="426" r="1151" b="428" x="7" y="34">,</W>
	</L><L l="223" t="441" b="444" r="308" i="19"><W l="223" t="443" r="226" b="444" x="1" y="35">.</W>
		<W l="253" t="441" r="256" b="444" x="2" y="35">.</W>
		<W l="306" t="441" r="308" b="444" x="3" y="35">.</W>
	</L><L l="28" t="448" b="487" r="983" i="20"><W l="28" t="458" r="63" b="483" x="1" y="36">A:</W>
		<W l="75" t="458" r="87" b="483" x="2" y="36">L</W>
		<W l="93" t="460" r="112" b="484" x="3" y="36">0</W>
		<W l="122" t="459" r="161" b="484" x="4" y="36">3o</W>
		<W l="167" t="448" r="210" b="484" x="5" y="36">bo</W>
		<W l="218" t="459" r="235" b="483" x="6" y="36">6</W>
		<W l="243" t="459" r="309" b="484" x="7" y="36">Ltal:</W>
		<W l="436" t="458" r="458" b="484" x="8" y="36">:!?</W>
		<W l="469" t="457" r="511" b="484" x="9" y="36">?a</W>
		<W l="519" t="460" r="556" b="484" x="10" y="36">20</W>
		<W l="569" t="460" r="634" b="485" x="11" y="36">219i</W>
		<W l="643" t="461" r="669" b="485" x="12" y="36">2ii</W>
		<W l="716" t="477" r="726" b="481" x="13" y="36">-</W>
		<W l="741" t="464" r="748" b="481" x="14" y="36">:</W>
		<W l="760" t="460" r="779" b="485" x="15" y="36">8</W>
		<W l="979" t="484" r="983" b="487" x="16" y="36">.</W>
	</L></CCO>
