<?xml version="1.0"?>
<CCO path="c:\datacap\processchq\fingerprint\563.cco">
	<L l="2" t="5" b="22" r="1190" i="1"><W l="2" t="9" r="11" b="19" x="1" y="1">F</W>
		<W l="160" t="18" r="162" b="21" x="1" y="3">.</W>
		<W l="216" t="15" r="219" b="18" x="2" y="1">.</W>
		<W l="266" t="19" r="283" b="22" x="1" y="4">..</W>
		<W l="306" t="10" r="315" b="13" x="3" y="1">..</W>
		<W l="359" t="17" r="361" b="21" x="2" y="4">.</W>
		<W l="402" t="19" r="424" b="22" x="3" y="4">...</W>
		<W l="446" t="15" r="450" b="18" x="4" y="4">.</W>
		<W l="469" t="18" r="473" b="20" x="5" y="4">.</W>
		<W l="755" t="14" r="758" b="17" x="2" y="3">.</W>
		<W l="792" t="8" r="799" b="13" x="4" y="1">,.</W>
		<W l="813" t="10" r="816" b="12" x="5" y="1">.</W>
		<W l="824" t="13" r="827" b="15" x="3" y="3">-</W>
		<W l="870" t="9" r="872" b="12" x="6" y="1">.</W>
		<W l="892" t="13" r="894" b="16" x="4" y="3">.</W>
		<W l="899" t="7" r="902" b="10" x="7" y="1">.</W>
		<W l="905" t="11" r="909" b="13" x="1" y="2">.</W>
		<W l="940" t="6" r="943" b="8" x="2" y="2">.</W>
		<W l="1071" t="5" r="1073" b="8" x="3" y="2">.</W>
		<W l="1090" t="5" r="1093" b="7" x="4" y="2">.</W>
		<W l="1139" t="5" r="1158" b="9" x="5" y="2">..</W>
		<W l="1165" t="16" r="1168" b="18" x="6" y="4">.</W>
		<W l="1184" t="14" r="1190" b="17" x="7" y="4">.</W>
		<W l="1188" t="6" r="1190" b="9" x="6" y="2">.</W>
	</L><L l="273" t="25" b="27" r="278" i="2"><W l="273" t="25" r="278" b="27" x="1" y="5">-</W>
	</L><L l="322" t="42" b="46" r="461" i="3"><W l="322" t="42" r="339" b="46" x="1" y="6">..</W>
		<W l="458" t="42" r="461" b="45" x="2" y="7">.</W>
	</L><L l="392" t="50" b="52" r="395" i="4"><W l="392" t="50" r="395" b="52" x="1" y="7">.</W>
	</L><L l="176" t="55" b="68" r="1186" i="5"><W l="176" t="62" r="178" b="65" x="1" y="8">.</W>
		<W l="201" t="65" r="208" b="68" x="2" y="8">_</W>
		<W l="220" t="64" r="223" b="66" x="3" y="8">.</W>
		<W l="302" t="62" r="306" b="64" x="4" y="8">.</W>
		<W l="745" t="62" r="767" b="68" x="5" y="8">.,-</W>
		<W l="779" t="63" r="783" b="66" x="6" y="8">,</W>
		<W l="807" t="64" r="809" b="67" x="7" y="8">.</W>
		<W l="816" t="62" r="820" b="66" x="8" y="8">.</W>
		<W l="845" t="60" r="847" b="63" x="9" y="8">•</W>
		<W l="919" t="58" r="921" b="62" x="10" y="8">.</W>
		<W l="1136" t="57" r="1139" b="59" x="11" y="8">-</W>
		<W l="1155" t="55" r="1168" b="65" x="12" y="8">.;</W>
		<W l="1184" t="59" r="1186" b="63" x="13" y="8">.</W>
	</L><L l="691" t="69" b="72" r="693" i="6"><W l="691" t="69" r="693" b="72" x="2" y="10">•</W>
	</L><L l="9" t="63" b="93" r="1190" i="7"><W l="9" t="83" r="12" b="86" x="1" y="9">'</W>
		<W l="24" t="79" r="29" b="93" x="2" y="9">i</W>
		<W l="41" t="82" r="43" b="85" x="3" y="9">•</W>
		<W l="52" t="70" r="175" b="92" x="4" y="9">-SAJALK.</W>
		<W l="184" t="72" r="254" b="92" x="5" y="9">BOSE</W>
		<W l="272" t="82" r="287" b="85" x="6" y="9">-</W>
		<W l="309" t="90" r="312" b="93" x="7" y="9">.</W>
		<W l="329" t="86" r="332" b="89" x="8" y="9">.</W>
		<W l="355" t="89" r="357" b="92" x="9" y="9">.</W>
		<W l="385" t="81" r="390" b="90" x="10" y="9">z</W>
		<W l="421" t="79" r="424" b="84" x="11" y="9">.</W>
		<W l="460" t="87" r="463" b="91" x="12" y="9">.</W>
		<W l="578" t="74" r="582" b="77" x="13" y="9">.</W>
		<W l="608" t="74" r="614" b="80" x="14" y="9">.,</W>
		<W l="622" t="78" r="624" b="81" x="1" y="10">,</W>
		<W l="999" t="83" r="1010" b="87" x="1" y="11">-</W>
		<W l="1027" t="63" r="1109" b="89" x="2" y="11">-7183-</W>
		<W l="1160" t="73" r="1163" b="76" x="3" y="11">•</W>
		<W l="1178" t="65" r="1190" b="89" x="4" y="11">:.!</W>
	</L><L l="8" t="96" b="98" r="11" i="8"><W l="8" t="96" r="11" b="98" x="1" y="12">•</W>
	</L><L l="34" t="117" b="119" r="37" i="9"><W l="34" t="117" r="37" b="119" x="2" y="12">.</W>
	</L><L l="62" t="90" b="123" r="1107" i="10"><W l="62" t="98" r="172" b="117" x="3" y="12">KALYANI</W>
		<W l="181" t="97" r="262" b="118" x="4" y="12">BOSE,</W>
		<W l="277" t="95" r="320" b="122" x="5" y="12">..;±</W>
		<W l="335" t="98" r="366" b="120" x="6" y="12">.:.:</W>
		<W l="379" t="104" r="397" b="111" x="7" y="12">-</W>
		<W l="545" t="90" r="556" b="105" x="8" y="12">••</W>
		<W l="623" t="98" r="626" b="100" x="9" y="12">-</W>
		<W l="673" t="121" r="678" b="123" x="1" y="17">-</W>
		<W l="675" t="95" r="678" b="97" x="10" y="12">•</W>
		<W l="687" t="111" r="691" b="113" x="1" y="19">-</W>
		<W l="1013" t="110" r="1016" b="113" x="11" y="12">•</W>
		<W l="1032" t="104" r="1107" b="119" x="12" y="12">20104/740</W>
	</L><L l="386" t="121" b="130" r="591" i="11"><W l="386" t="124" r="390" b="126" x="4" y="14">-</W>
		<W l="466" t="121" r="472" b="130" x="2" y="15">--</W>
		<W l="493" t="125" r="498" b="128" x="3" y="15">-</W>
		<W l="586" t="127" r="591" b="129" x="2" y="16">-</W>
	</L><L l="43" t="120" b="146" r="459" i="12"><W l="43" t="140" r="46" b="142" x="1" y="13">.</W>
		<W l="56" t="131" r="59" b="134" x="2" y="13">•</W>
		<W l="63" t="126" r="108" b="142" x="3" y="13">6435</W>
		<W l="115" t="120" r="226" b="142" x="4" y="13">DEERFIELD</W>
		<W l="233" t="124" r="260" b="141" x="5" y="13">DR</W>
		<W l="259" t="124" r="270" b="146" x="1" y="14">.;</W>
		<W l="276" t="129" r="284" b="141" x="2" y="14">i</W>
		<W l="290" t="138" r="307" b="145" x="3" y="14">.,</W>
		<W l="417" t="145" r="423" b="146" x="8" y="22">-</W>
		<W l="437" t="121" r="451" b="138" x="5" y="14">;:-</W>
		<W l="452" t="133" r="459" b="141" x="1" y="15">,.</W>
	</L><L l="3" t="110" b="171" r="963" i="13"><W l="3" t="147" r="13" b="165" x="1" y="21">..</W>
		<W l="34" t="147" r="44" b="163" x="2" y="22">7.</W>
		<W l="59" t="144" r="209" b="169" x="3" y="22">.GREENWOOD;</W>
		<W l="211" t="148" r="231" b="166" x="4" y="22">IN</W>
		<W l="238" t="140" r="354" b="171" x="5" y="22">40091-0.:</W>
		<W l="361" t="153" r="371" b="170" x="6" y="22">:</W>
		<W l="414" t="144" r="417" b="159" x="7" y="22">:</W>
		<W l="425" t="144" r="433" b="167" x="1" y="23">.'</W>
		<W l="438" t="157" r="440" b="161" x="1" y="24">.</W>
		<W l="487" t="148" r="491" b="150" x="2" y="24">-</W>
		<W l="508" t="148" r="511" b="150" x="3" y="24">-</W>
		<W l="511" t="149" r="517" b="156" x="1" y="25">-:</W>
		<W l="542" t="158" r="545" b="161" x="2" y="25">•</W>
		<W l="554" t="133" r="558" b="134" x="4" y="15">-</W>
		<W l="557" t="138" r="560" b="140" x="1" y="16">.</W>
		<W l="576" t="153" r="585" b="162" x="3" y="25">--</W>
		<W l="600" t="149" r="605" b="159" x="4" y="25">'</W>
		<W l="619" t="157" r="622" b="161" x="5" y="25">•</W>
		<W l="638" t="145" r="640" b="147" x="6" y="25">.</W>
		<W l="643" t="149" r="646" b="151" x="1" y="26">-</W>
		<W l="657" t="168" r="660" b="170" x="1" y="27">.</W>
		<W l="678" t="148" r="682" b="150" x="2" y="27">-</W>
		<W l="682" t="134" r="685" b="136" x="1" y="18">-</W>
		<W l="685" t="147" r="691" b="167" x="3" y="27">.-</W>
		<W l="699" t="110" r="766" b="156" x="1" y="20">I:7—</W>
		<W l="744" t="165" r="747" b="167" x="1" y="28">.</W>
		<W l="758" t="148" r="761" b="150" x="2" y="28">-</W>
		<W l="762" t="165" r="765" b="168" x="3" y="28">,</W>
		<W l="773" t="147" r="776" b="149" x="4" y="28">-</W>
		<W l="786" t="115" r="790" b="153" x="2" y="20">i</W>
		<W l="786" t="169" r="790" b="171" x="1" y="30">-</W>
		<W l="805" t="116" r="850" b="154" x="3" y="20">g_</W>
		<W l="808" t="164" r="812" b="166" x="1" y="29">.</W>
		<W l="856" t="113" r="881" b="148" x="4" y="20">-')</W>
		<W l="890" t="117" r="920" b="155" x="5" y="20">-3-</W>
		<W l="958" t="137" r="963" b="140" x="6" y="20">'</W>
	</L><L l="14" t="172" b="175" r="25" i="14"><W l="14" t="172" r="25" b="175" x="1" y="22">..</W>
	</L><L l="796" t="181" b="185" r="833" i="15"><W l="796" t="183" r="799" b="185" x="1" y="31">.</W>
		<W l="831" t="181" r="833" b="184" x="2" y="31">.</W>
	</L><L l="767" t="199" b="205" r="850" i="16"><W l="767" t="199" r="771" b="201" x="1" y="32">.</W>
		<W l="786" t="200" r="789" b="202" x="2" y="32">.</W>
		<W l="800" t="202" r="803" b="204" x="3" y="32">.</W>
		<W l="818" t="200" r="821" b="203" x="4" y="32">.</W>
		<W l="848" t="202" r="850" b="205" x="5" y="32">.</W>
	</L><L l="183" t="213" b="216" r="185" i="17"><W l="183" t="213" r="185" b="216" x="5" y="33">'</W>
	</L><L l="37" t="199" b="245" r="1177" i="18"><W l="37" t="227" r="40" b="229" x="1" y="33">.</W>
		<W l="57" t="211" r="93" b="233" x="2" y="33">Pay</W>
		<W l="98" t="212" r="115" b="234" x="3" y="33">t9</W>
		<W l="122" t="211" r="153" b="228" x="4" y="33">the</W>
		<W l="188" t="221" r="190" b="224" x="1" y="34">,</W>
		<W l="199" t="199" r="204" b="242" x="2" y="34">I</W>
		<W l="217" t="210" r="229" b="241" x="3" y="34">,i</W>
		<W l="244" t="206" r="282" b="243" x="4" y="34">A</W>
		<W l="290" t="208" r="322" b="245" x="5" y="34">A</W>
		<W l="347" t="220" r="377" b="227" x="6" y="34">_.</W>
		<W l="399" t="203" r="553" b="244" x="7" y="34">e__Q.E.,_</W>
		<W l="814" t="207" r="856" b="242" x="2" y="35">A</W>
		<W l="890" t="214" r="898" b="244" x="1" y="36">LI</W>
		<W l="918" t="211" r="940" b="243" x="1" y="37">$</W>
		<W l="1077" t="225" r="1112" b="230" x="1" y="39">_</W>
		<W l="1167" t="228" r="1177" b="241" x="1" y="41">..</W>
	</L><L l="38" t="246" b="248" r="41" i="19"><W l="38" t="246" r="41" b="248" x="1" y="42">.</W>
	</L><L l="56" t="207" b="251" r="1161" i="20"><W l="56" t="233" r="112" b="251" x="2" y="42">Order</W>
		<W l="118" t="232" r="137" b="250" x="3" y="42">of</W>
		<W l="582" t="213" r="694" b="246" x="8" y="34">oin.a.</W>
		<W l="766" t="223" r="797" b="245" x="1" y="35">e.:</W>
		<W l="956" t="207" r="1053" b="249" x="1" y="38">czce</W>
		<W l="1149" t="222" r="1161" b="245" x="1" y="40">..,</W>
	</L><L l="4" t="254" b="302" r="1168" i="21"><W l="4" t="267" r="5" b="290" x="1" y="43">1</W>
		<W l="20" t="289" r="23" b="291" x="2" y="43">-</W>
		<W l="55" t="279" r="60" b="293" x="3" y="43">:</W>
		<W l="200" t="275" r="217" b="299" x="5" y="43">0</W>
		<W l="255" t="268" r="257" b="271" x="6" y="43">'</W>
		<W l="264" t="268" r="268" b="277" x="1" y="44">'</W>
		<W l="274" t="254" r="301" b="300" x="1" y="45">k</W>
		<W l="315" t="272" r="342" b="298" x="2" y="45">LA</W>
		<W l="351" t="268" r="449" b="301" x="3" y="45">Yl22,;</W>
		<W l="444" t="264" r="489" b="298" x="1" y="46">.;12-</W>
		<W l="721" t="261" r="761" b="295" x="3" y="46">4--</W>
		<W l="770" t="265" r="807" b="290" x="4" y="46">trt</W>
		<W l="827" t="265" r="884" b="296" x="5" y="46">Icy</W>
		<W l="909" t="285" r="921" b="290" x="6" y="46">-</W>
		<W l="930" t="284" r="1003" b="302" x="7" y="46">Dollars'</W>
		<W l="1006" t="284" r="1019" b="302" x="1" y="47">.'</W>
		<W l="1028" t="288" r="1031" b="290" x="2" y="47">-</W>
		<W l="1040" t="273" r="1078" b="302" x="3" y="47">CI</W>
		<W l="1097" t="271" r="1168" b="302" x="4" y="47">Piv--</W>
	</L><L l="38" t="335" b="346" r="619" i="22"><W l="38" t="342" r="40" b="346" x="1" y="49">.</W>
		<W l="141" t="335" r="161" b="341" x="1" y="50">•-•</W>
		<W l="174" t="335" r="183" b="342" x="1" y="51">'</W>
		<W l="236" t="344" r="239" b="346" x="2" y="52">.</W>
		<W l="587" t="339" r="589" b="342" x="1" y="48">.</W>
		<W l="611" t="337" r="619" b="341" x="2" y="48">..</W>
	</L><L l="606" t="349" b="354" r="1040" i="23"><W l="606" t="350" r="609" b="353" x="6" y="53">.</W>
		<W l="747" t="349" r="750" b="351" x="2" y="56">-</W>
		<W l="1032" t="351" r="1040" b="354" x="8" y="56">-</W>
	</L><L l="582" t="355" b="357" r="585" i="24"><W l="582" t="355" r="585" b="357" x="4" y="53">-</W>
	</L><L l="238" t="341" b="390" r="985" i="25"><W l="238" t="355" r="311" b="374" x="1" y="53">KeyBank</W>
		<W l="238" t="371" r="341" b="390" x="1" y="55">Indianapolis,</W>
		<W l="316" t="348" r="383" b="370" x="2" y="53">National</W>
		<W l="348" t="370" r="408" b="385" x="2" y="55">Indiana</W>
		<W l="387" t="354" r="482" b="369" x="3" y="53">Association</W>
		<W l="412" t="370" r="460" b="384" x="3" y="55">46204</W>
		<W l="471" t="374" r="473" b="377" x="4" y="55">.</W>
		<W l="593" t="368" r="596" b="370" x="5" y="55">'</W>
		<W l="596" t="359" r="599" b="362" x="5" y="53">,</W>
		<W l="623" t="356" r="625" b="359" x="7" y="53">.</W>
		<W l="722" t="356" r="725" b="358" x="1" y="56">.</W>
		<W l="797" t="354" r="800" b="358" x="3" y="56">.</W>
		<W l="812" t="342" r="853" b="363" x="4" y="56">.Key</W>
		<W l="859" t="341" r="941" b="363" x="5" y="56">PrIvilegEi</W>
		<W l="964" t="344" r="973" b="360" x="6" y="56">,;-</W>
		<W l="982" t="357" r="985" b="359" x="7" y="56">.</W>
	</L><L l="33" t="391" b="423" r="1049" i="26"><W l="33" t="414" r="36" b="416" x="1" y="64">.</W>
		<W l="70" t="413" r="74" b="417" x="2" y="64">.</W>
		<W l="241" t="391" r="400" b="416" x="1" y="57">1800.kamAr</W>
		<W l="411" t="407" r="415" b="408" x="2" y="57">_</W>
		<W l="414" t="406" r="457" b="416" x="1" y="58">______</W>
		<W l="503" t="393" r="516" b="405" x="2" y="58">-:</W>
		<W l="551" t="399" r="554" b="402" x="3" y="58">.</W>
		<W l="555" t="404" r="571" b="409" x="1" y="59">„</W>
		<W l="606" t="402" r="609" b="404" x="2" y="59">.</W>
		<W l="617" t="393" r="621" b="396" x="3" y="59">'</W>
		<W l="756" t="408" r="758" b="411" x="1" y="60">•</W>
		<W l="805" t="410" r="809" b="412" x="1" y="61">-</W>
		<W l="1010" t="410" r="1049" b="423" x="1" y="63">,._</W>
	</L><L l="1052" t="427" b="430" r="1060" i="27"><W l="1052" t="427" r="1060" b="430" x="15" y="65">-</W>
	</L><L l="761" t="433" b="435" r="764" i="28"><W l="761" t="433" r="764" b="435" x="8" y="65">•</W>
	</L><L l="797" t="436" b="447" r="938" i="29"><W l="797" t="444" r="801" b="447" x="9" y="65">-</W>
		<W l="850" t="436" r="860" b="444" x="11" y="65">r</W>
		<W l="934" t="440" r="938" b="442" x="13" y="65">-</W>
	</L><L l="976" t="429" b="444" r="1159" i="30"><W l="976" t="429" r="997" b="441" x="14" y="65">:z."</W>
		<W l="1070" t="436" r="1073" b="439" x="16" y="65">.</W>
		<W l="1093" t="434" r="1100" b="444" x="2" y="66">-•</W>
		<W l="1156" t="439" r="1159" b="442" x="4" y="66">•</W>
	</L><L l="58" t="414" b="461" r="1141" i="31"><W l="58" t="443" r="101" b="461" x="1" y="65">For`</W>
		<W l="126" t="430" r="187" b="458" x="2" y="65">erA</W>
		<W l="198" t="414" r="393" b="458" x="3" y="65">+)-ttati-</W>
		<W l="405" t="416" r="630" b="457" x="4" y="65">61:0-6.42-</W>
		<W l="646" t="425" r="651" b="457" x="5" y="65">)</W>
		<W l="666" t="428" r="699" b="453" x="6" y="65">2-</W>
		<W l="713" t="440" r="721" b="451" x="7" y="65">±</W>
		<W l="815" t="445" r="821" b="450" x="10" y="65">.-</W>
		<W l="881" t="448" r="884" b="449" x="12" y="65">-</W>
		<W l="1079" t="446" r="1083" b="451" x="1" y="66">,</W>
		<W l="1107" t="427" r="1141" b="450" x="3" y="66">-4</W>
	</L><L l="849" t="474" b="486" r="1127" i="32"><W l="849" t="483" r="852" b="486" x="4" y="67">'</W>
		<W l="985" t="480" r="988" b="483" x="6" y="67">"</W>
		<W l="1069" t="474" r="1083" b="480" x="3" y="68">-</W>
		<W l="1125" t="482" r="1127" b="485" x="4" y="68">.</W>
	</L><L l="1034" t="486" b="500" r="1190" i="33"><W l="1034" t="492" r="1036" b="495" x="2" y="68">•</W>
		<W l="1166" t="490" r="1170" b="492" x="5" y="68">-</W>
		<W l="1168" t="486" r="1190" b="500" x="1" y="69">.-</W>
	</L><L l="954" t="501" b="504" r="960" i="34"><W l="954" t="501" r="960" b="504" x="5" y="67">..</W>
	</L><L l="32" t="478" b="514" r="1015" i="35"><W l="32" t="508" r="41" b="510" x="1" y="67">_</W>
		<W l="65" t="482" r="336" b="514" x="2" y="67">4:074004048i:</W>
		<W l="382" t="478" r="804" b="513" x="3" y="67">.-L(2:560043950e-'7183</W>
		<W l="992" t="499" r="1015" b="510" x="1" y="68">_.</W>
	</L></CCO>
