<S>
  <P type="LPLPage">
    <V n="HostID">22</V>
    <V n="HostName">LPL</V>
    <F type="Name">
      <V n="Position">70,44,571,100</V>
    </F>
    <F type="Date">
      <V n="Position">674,90,931,180</V>
    </F>
    <F type="Account">
      <V n="Position">99,429,564,473</V>
    </F>
    <F type="Amount">
      <V n="Position">922,198,1189,272</V>
    </F>
    <F type="Amount In Words">
      <V n="Position">51,189,918,307</V>
    </F>
    <F type="Rout">
      <V n="Position">92,475,316,512</V>
    </F>
    <F type="BankName">
      <V n="Position">107,318,331,359</V>
    </F>
    <F type="CheckName">
      <V n="Position">79,42,548,99</V>
    </F>
    <F type="CheckDate">
      <V n="Position">674,102,931,180</V>
    </F>
    <F type="AccountNumber">
      <V n="Position">99,427,532,472</V>
    </F>
    <F type="CheckAmount">
      <V n="Position">922,198,1157,272</V>
    </F>
    <F type="AmountInWords">
      <V n="Position">51,196,918,307</V>
    </F>
  </P>
</S>