<?xml version="1.0"?>
<CCO path="c:\datacap\processchq\fingerprint\564.cco">
	<L l="1178" t="13" b="17" r="1190" i="1"><W l="1178" t="13" r="1190" b="17" x="2" y="1">-</W>
	</L><L l="1162" t="18" b="20" r="1165" i="2"><W l="1162" t="18" r="1165" b="20" x="1" y="1">.</W>
	</L><L l="10" t="38" b="49" r="16" i="3"><W l="10" t="38" r="16" b="49" x="1" y="2">L</W>
	</L><L l="76" t="49" b="71" r="427" i="4"><W l="76" t="49" r="182" b="69" x="1" y="3">ANDREA</W>
		<W l="193" t="51" r="216" b="69" x="2" y="3">R.</W>
		<W l="225" t="50" r="354" b="71" x="3" y="3">JOHNSON</W>
		<W l="363" t="52" r="427" b="71" x="4" y="3">TTEE</W>
	</L><L l="75" t="71" b="97" r="1136" i="5"><W l="75" t="74" r="125" b="94" x="1" y="4">THE</W>
		<W l="134" t="75" r="235" b="95" x="2" y="4">TAYLOR</W>
		<W l="246" t="77" r="342" b="96" x="3" y="4">FAMILY</W>
		<W l="350" t="77" r="435" b="97" x="4" y="4">TRUST</W>
		<W l="1071" t="71" r="1136" b="96" x="5" y="4">1021</W>
	</L><L l="74" t="98" b="145" r="1133" i="6"><W l="74" t="125" r="166" b="145" x="1" y="6">MORTON,</W>
		<W l="75" t="101" r="107" b="117" x="1" y="5">00e</W>
		<W l="116" t="102" r="179" b="118" x="2" y="5">LOWE</W>
		<W l="175" t="128" r="190" b="143" x="2" y="6">IL</W>
		<W l="190" t="103" r="250" b="119" x="3" y="5">DRNC</W>
		<W l="205" t="128" r="309" b="145" x="3" y="6">61550-1051</W>
		<W l="280" t="98" r="473" b="134" x="4" y="5">9/964,4,2W</W>
		<W l="489" t="104" r="549" b="126" x="5" y="5">L-VC</W>
		<W l="1033" t="128" r="1133" b="143" x="1" y="8">80-1885/1012</W>
	</L><L l="5" t="127" b="167" r="1131" i="7"><W l="5" t="148" r="7" b="151" x="1" y="10">•</W>
		<W l="854" t="127" r="886" b="167" x="2" y="7">7</W>
		<W l="1093" t="148" r="1124" b="161" x="1" y="9">UN</W>
		<W l="1128" t="148" r="1131" b="161" x="2" y="9">I</W>
	</L><L l="3" t="173" b="203" r="1192" i="8"><W l="3" t="173" r="14" b="201" x="1" y="12">P</W>
		<W l="929" t="174" r="971" b="189" x="1" y="11">Date</W>
		<W l="976" t="199" r="979" b="203" x="2" y="12">.</W>
		<W l="1188" t="194" r="1192" b="201" x="3" y="12">,</W>
	</L><L l="53" t="199" b="221" r="162" i="9"><W l="53" t="199" r="90" b="221" x="1" y="14">Pay</W>
		<W l="97" t="199" r="118" b="217" x="2" y="14">to</W>
		<W l="126" t="200" r="162" b="218" x="3" y="14">the</W>
	</L><L l="29" t="217" b="261" r="1191" i="10"><W l="29" t="240" r="35" b="251" x="1" y="15">,</W>
		<W l="67" t="226" r="95" b="244" x="2" y="15">Or</W>
		<W l="110" t="232" r="133" b="245" x="3" y="15">er</W>
		<W l="140" t="227" r="164" b="245" x="4" y="15">of</W>
		<W l="895" t="223" r="898" b="251" x="5" y="15">I</W>
		<W l="919" t="218" r="939" b="249" x="6" y="15">$</W>
		<W l="954" t="217" r="1041" b="259" x="7" y="15">L373/,</W>
		<W l="1086" t="228" r="1149" b="261" x="8" y="15">/CO</W>
		<W l="1186" t="226" r="1191" b="234" x="9" y="15">.</W>
	</L><L l="1" t="253" b="311" r="1191" i="11"><W l="1" t="265" r="13" b="293" x="1" y="16">ri</W>
		<W l="25" t="253" r="35" b="296" x="2" y="16">I</W>
		<W l="69" t="254" r="87" b="294" x="3" y="16">/</W>
		<W l="365" t="265" r="387" b="298" x="5" y="16">91</W>
		<W l="396" t="264" r="474" b="299" x="6" y="16">(VIZ</W>
		<W l="1056" t="282" r="1077" b="311" x="8" y="16">n</W>
		<W l="1100" t="283" r="1123" b="300" x="9" y="16">:::.</W>
		<W l="1122" t="286" r="1143" b="309" x="1" y="17">..i</W>
		<W l="1187" t="285" r="1191" b="306" x="2" y="17">:</W>
	</L><L l="70" t="316" b="368" r="1195" i="12"><W l="70" t="316" r="98" b="345" x="1" y="19">51</W>
		<W l="70" t="351" r="152" b="366" x="1" y="20">PREMIER</W>
		<W l="109" t="323" r="163" b="347" x="2" y="19">LPL</W>
		<W l="159" t="353" r="305" b="368" x="2" y="20">CHECKWRIMNM</W>
		<W l="171" t="324" r="1195" b="359" x="3" y="19">FinancialIn</W>
		<W l="736" t="321" r="776" b="337" x="1" y="18">NOT</W>
		<W l="784" t="322" r="842" b="338" x="2" y="18">VALID</W>
		<W l="851" t="323" r="901" b="339" x="3" y="18">LESS</W>
		<W l="910" t="323" r="966" b="340" x="4" y="18">THAN</W>
		<W l="975" t="325" r="1020" b="340" x="5" y="18">$100</W>
	</L><L l="70" t="369" b="384" r="268" i="13"><W l="70" t="369" r="117" b="382" x="1" y="21">DRAFT</W>
		<W l="122" t="371" r="188" b="384" x="2" y="21">PAYABLE</W>
		<W l="192" t="371" r="268" b="384" x="3" y="21">THROUGH</W>
	</L><L l="69" t="386" b="401" r="176" i="14"><W l="69" t="386" r="102" b="398" x="1" y="22">DNB</W>
		<W l="107" t="387" r="151" b="401" x="2" y="22">RANK.</W>
		<W l="156" t="388" r="176" b="400" x="3" y="22">NA</W>
	</L><L l="67" t="403" b="428" r="930" i="15"><W l="67" t="403" r="138" b="417" x="1" y="23">WARSAW.</W>
		<W l="143" t="404" r="167" b="416" x="2" y="23">MO</W>
		<W l="911" t="407" r="930" b="428" x="1" y="24">/</W>
	</L><L l="755" t="424" b="439" r="988" i="16"><W l="755" t="429" r="765" b="439" x="2" y="26">'</W>
		<W l="976" t="424" r="988" b="436" x="1" y="25">...</W>
	</L><L l="50" t="436" b="453" r="982" i="17"><W l="50" t="436" r="87" b="453" x="1" y="28">For</W>
		<W l="961" t="436" r="982" b="449" x="1" y="27">de</W>
	</L><L l="67" t="447" b="509" r="1138" i="18"><W l="67" t="478" r="86" b="502" x="1" y="31">I:</W>
		<W l="100" t="478" r="134" b="503" x="2" y="31">LO</W>
		<W l="149" t="480" r="160" b="504" x="3" y="31">is</W>
		<W l="173" t="480" r="184" b="504" x="4" y="31">2</W>
		<W l="198" t="480" r="258" b="505" x="5" y="31">L88</W>
		<W l="270" t="481" r="283" b="505" x="6" y="31">5</W>
		<W l="292" t="481" r="358" b="505" x="7" y="31">61:6</W>
		<W l="369" t="481" r="431" b="506" x="8" y="31">300</W>
		<W l="443" t="482" r="506" b="506" x="9" y="31">764</W>
		<W l="517" t="483" r="555" b="507" x="10" y="31">56</W>
		<W l="569" t="484" r="579" b="507" x="11" y="31">2</W>
		<W l="593" t="484" r="604" b="508" x="12" y="31">2</W>
		<W l="618" t="484" r="654" b="508" x="13" y="31">28</W>
		<W l="665" t="485" r="704" b="509" x="14" y="31">So</W>
		<W l="717" t="485" r="752" b="509" x="15" y="31">LO</W>
		<W l="766" t="485" r="776" b="509" x="16" y="31">2</W>
		<W l="790" t="486" r="801" b="509" x="17" y="31">L</W>
		<W l="810" t="447" r="842" b="487" x="1" y="29">/</W>
		<W l="1120" t="449" r="1138" b="459" x="1" y="30">V</W>
	</L></CCO>
