<S>
  <P type="LEDYARDPage">
    <V n="HostID">23</V>
    <V n="HostName">Ledyard</V>
    <F type="Name">
      <V n="Position">247,44,584,107</V>
    </F>
    <F type="Date">
      <V n="Position">768,104,1108,187</V>
    </F>
    <F type="Account">
      <V n="Position">120,417,508,470</V>
    </F>
    <F type="Amount">
      <V n="Position">894,201,1187,254</V>
    </F>
    <F type="Amount In Words">
      <V n="Position">139,192,824,329</V>
    </F>
    <F type="Rout">
      <V n="Position">93,476,320,522</V>
    </F>
    <F type="BankName">
      <V n="Position">210,341,462,385</V>
    </F>
    <F type="CheckName">
      <V n="Position">247,42,584,106</V>
    </F>
    <F type="CheckDate">
      <V n="Position">770,107,1055,161</V>
    </F>
    <F type="CheckAmount">
      <V n="Position">894,201,1154,254</V>
    </F>
    <F type="AmountInWords">
      <V n="Position">139,192,824,313</V>
    </F>
    <F type="AccountNumber">
      <V n="Position">120,415,497,469</V>
    </F>
  </P>
</S>