<?xml version="1.0"?>
<CCO path="c:\datacap\processchq\fingerprint\565.cco">
	<L l="1192" t="1" b="3" r="1195" i="1"><W l="1192" t="1" r="1195" b="3" x="2" y="1">.</W>
	</L><L l="6" t="8" b="11" r="8" i="2"><W l="6" t="8" r="8" b="11" x="1" y="1">.</W>
	</L><L l="233" t="25" b="39" r="1180" i="3"><W l="233" t="32" r="254" b="36" x="1" y="2">.._</W>
		<W l="432" t="31" r="445" b="35" x="2" y="2">_</W>
		<W l="459" t="32" r="462" b="35" x="3" y="2">.</W>
		<W l="497" t="34" r="499" b="36" x="4" y="2">.</W>
		<W l="557" t="32" r="562" b="36" x="5" y="2">.</W>
		<W l="1040" t="25" r="1048" b="28" x="6" y="2">-</W>
		<W l="1061" t="28" r="1094" b="32" x="7" y="2">___</W>
		<W l="1164" t="25" r="1180" b="39" x="8" y="2">Y.</W>
	</L><L l="265" t="48" b="98" r="1111" i="4"><W l="265" t="79" r="399" b="98" x="1" y="4">KATHLEEN</W>
		<W l="269" t="49" r="374" b="69" x="1" y="3">WILLIAM</W>
		<W l="383" t="49" r="404" b="69" x="2" y="3">T.</W>
		<W l="408" t="79" r="437" b="98" x="2" y="4">W.</W>
		<W l="414" t="48" r="514" b="69" x="3" y="3">LAUTEN</W>
		<W l="447" t="78" r="547" b="98" x="3" y="4">LAUTEN</W>
		<W l="524" t="48" r="542" b="68" x="4" y="3">III</W>
		<W l="754" t="58" r="839" b="75" x="5" y="3">54-198/117</W>
		<W l="1019" t="58" r="1111" b="85" x="4" y="4">5349</W>
	</L><L l="324" t="106" b="122" r="488" i="5"><W l="324" t="106" r="356" b="122" x="1" y="5">PH.</W>
		<W l="363" t="106" r="488" b="122" x="2" y="5">281-809-3855</W>
	</L><L l="276" t="127" b="144" r="536" i="6"><W l="276" t="129" r="331" b="144" x="2" y="6">13706</W>
		<W l="337" t="128" r="404" b="144" x="3" y="6">ASPEN</W>
		<W l="412" t="128" r="468" b="144" x="4" y="6">COVE</W>
		<W l="476" t="127" r="536" b="143" x="5" y="6">DRIVE</W>
	</L><L l="194" t="122" b="170" r="1001" i="7"><W l="194" t="151" r="200" b="153" x="1" y="6">-</W>
		<W l="304" t="151" r="408" b="170" x="1" y="7">HOUSTON,</W>
		<W l="416" t="152" r="440" b="167" x="2" y="7">TX</W>
		<W l="453" t="151" r="508" b="167" x="3" y="7">77077</W>
		<W l="620" t="149" r="624" b="151" x="4" y="7">-</W>
		<W l="698" t="148" r="704" b="150" x="5" y="7">-</W>
		<W l="722" t="148" r="765" b="161" x="6" y="7">I)ifi,</W>
		<W l="778" t="148" r="780" b="150" x="7" y="7">'</W>
		<W l="785" t="122" r="822" b="160" x="8" y="7">5</W>
		<W l="985" t="129" r="1001" b="150" x="10" y="7">i</W>
	</L><L l="38" t="182" b="254" r="1138" i="8"><W l="38" t="182" r="44" b="204" x="1" y="8">11</W>
		<W l="131" t="229" r="134" b="254" x="1" y="12">!</W>
		<W l="157" t="212" r="257" b="226" x="1" y="9">PAYTOTIIE</W>
		<W l="157" t="232" r="240" b="246" x="2" y="12">ormi.i(01.</W>
		<W l="243" t="242" r="279" b="246" x="1" y="13">,_</W>
		<W l="284" t="184" r="349" b="200" x="2" y="8">,,,.------•</W>
		<W l="299" t="199" r="312" b="228" x="2" y="9">/</W>
		<W l="326" t="227" r="332" b="232" x="1" y="10">.</W>
		<W l="359" t="192" r="395" b="239" x="2" y="10">2</W>
		<W l="408" t="227" r="413" b="235" x="1" y="11">,</W>
		<W l="430" t="195" r="548" b="244" x="2" y="11">/4-</W>
		<W l="498" t="215" r="513" b="239" x="2" y="13">/4</W>
		<W l="885" t="215" r="887" b="239" x="3" y="13">I</W>
		<W l="907" t="208" r="927" b="239" x="4" y="13">$</W>
		<W l="934" t="207" r="1056" b="251" x="5" y="13">&amp;Joe</W>
		<W l="1054" t="218" r="1059" b="236" x="1" y="15">l</W>
		<W l="1069" t="198" r="1076" b="215" x="1" y="14">;</W>
		<W l="1087" t="197" r="1124" b="216" x="2" y="14">00</W>
		<W l="1136" t="236" r="1138" b="238" x="2" y="15">.</W>
	</L><L l="39" t="255" b="310" r="1163" i="9"><W l="39" t="289" r="44" b="310" x="1" y="17">;</W>
		<W l="59" t="289" r="87" b="303" x="2" y="17">,L.</W>
		<W l="90" t="285" r="124" b="303" x="1" y="18">...:</W>
		<W l="119" t="261" r="135" b="303" x="1" y="16">.1</W>
		<W l="164" t="266" r="180" b="303" x="2" y="16">/</W>
		<W l="179" t="282" r="233" b="307" x="2" y="18">4do</W>
		<W l="243" t="256" r="489" b="306" x="3" y="18">'Thozcza..4,14..,</W>
		<W l="500" t="255" r="526" b="299" x="4" y="18">1</W>
		<W l="558" t="284" r="609" b="303" x="1" y="19">,</W>
		<W l="622" t="255" r="652" b="302" x="2" y="19">h</W>
		<W l="658" t="275" r="714" b="303" x="3" y="19">14n</W>
		<W l="859" t="294" r="866" b="299" x="1" y="20">•</W>
		<W l="873" t="287" r="1008" b="303" x="2" y="20">-•--LiOLLARS</W>
		<W l="1074" t="266" r="1136" b="302" x="1" y="21">4__Reat</W>
		<W l="1140" t="280" r="1163" b="290" x="1" y="22">,vo</W>
	</L><L l="39" t="315" b="346" r="374" i="10"><W l="39" t="315" r="45" b="346" x="1" y="23">;</W>
		<W l="282" t="317" r="316" b="334" x="2" y="23">...er</W>
		<W l="301" t="325" r="326" b="333" x="1" y="24">..•</W>
		<W l="331" t="319" r="346" b="329" x="2" y="24">&lt;0</W>
		<W l="343" t="321" r="374" b="334" x="1" y="25">...r......</W>
	</L><L l="225" t="346" b="375" r="429" i="11"><W l="225" t="346" r="271" b="375" x="1" y="26">LE</W>
		<W l="280" t="346" r="429" b="374" x="2" y="26">DYARD</W>
	</L><L l="38" t="389" b="416" r="398" i="12"><W l="38" t="389" r="45" b="409" x="1" y="27">1</W>
		<W l="256" t="389" r="344" b="403" x="2" y="27">NATIONAL</W>
		<W l="263" t="406" r="329" b="416" x="1" y="28">noremcit.</W>
		<W l="333" t="406" r="349" b="415" x="2" y="28">VI</W>
		<W l="352" t="389" r="398" b="402" x="3" y="27">BANK</W>
		<W l="354" t="406" r="389" b="415" x="3" y="28">OS05.5</W>
	</L><L l="62" t="424" b="467" r="353" i="13"><W l="62" t="445" r="114" b="459" x="1" y="29">mrNIO</W>
		<W l="128" t="427" r="150" b="451" x="2" y="29">°</W>
		<W l="158" t="428" r="181" b="457" x="3" y="29">4/1</W>
		<W l="190" t="430" r="253" b="462" x="4" y="29">/67</W>
		<W l="270" t="424" r="353" b="467" x="5" y="29">V•29.</W>
	</L><L l="72" t="479" b="506" r="755" i="14"><W l="72" t="482" r="114" b="506" x="1" y="30">1:0</W>
		<W l="128" t="482" r="139" b="506" x="2" y="30">l</W>
		<W l="153" t="482" r="164" b="506" x="3" y="30">i</W>
		<W l="175" t="483" r="213" b="506" x="4" y="30">70</W>
		<W l="227" t="482" r="237" b="506" x="5" y="30">1,</W>
		<W l="246" t="481" r="287" b="506" x="6" y="30">9E1</W>
		<W l="298" t="481" r="336" b="505" x="7" y="30">?I:</W>
		<W l="492" t="480" r="508" b="504" x="8" y="30">I.</W>
		<W l="519" t="480" r="582" b="504" x="9" y="30">769</W>
		<W l="593" t="480" r="607" b="504" x="10" y="30">5</W>
		<W l="620" t="480" r="656" b="504" x="11" y="30">20</W>
		<W l="717" t="479" r="755" b="503" x="12" y="30">53</W>
	</L><L l="1175" t="509" b="523" r="1178" i="15"><W l="1175" t="509" r="1178" b="523" x="2" y="31">i</W>
	</L><L l="28" t="519" b="538" r="1177" i="16"><W l="28" t="524" r="55" b="538" x="1" y="31">.•-_.</W>
		<W l="1151" t="519" r="1177" b="534" x="1" y="32">TA</W>
	</L></CCO>
