<S>
  <P type="KeyPrivateBankPage">
    <V n="HostID">24</V>
    <V n="HostName">KeyPrivateBank</V>
    <F type="Amount">
      <V n="Position">913,187,1189,247</V>
    </F>
    <F type="Amount In Words">
      <V n="Position">33,177,897,313</V>
    </F>
    <F type="Date">
      <V n="Position">707,88,934,168</V>
    </F>
    <F type="Account">
      <V n="Position">85,403,393,465</V>
    </F>
    <F type="BankName">
      <V n="Position">221,317,432,343</V>
    </F>
    <F type="Rout">
      <V n="Position">
      </V>
    </F>
    <F type="Name">
      <V n="Position">203,51,585,85</V>
    </F>
    <F type="CheckName">
      <V n="Position">198,49,579,83</V>
    </F>
    <F type="CheckDate">
      <V n="Position">83,407,453,458</V>
    </F>
    <F type="AccountNumber">
      <V n="Position">95,471,317,506</V>
    </F>
    <F type="CheckAmount">
      <V n="Position">913,193,1163,251</V>
    </F>
    <F type="AmountInWords">
      <V n="Position">58,180,884,317</V>
    </F>
  </P>
</S>