<?xml version="1.0"?>
<CCO path="c:\datacap\processchq\fingerprint\566.cco">
	<L l="896" t="50" b="76" r="1109" i="1"><W l="896" t="64" r="904" b="69" x="1" y="5">-</W>
		<W l="1055" t="50" r="1109" b="76" x="2" y="5">255</W>
	</L><L l="207" t="79" b="98" r="491" i="2"><W l="207" t="81" r="250" b="98" x="1" y="1">5726</W>
		<W l="256" t="81" r="284" b="98" x="2" y="1">LK</W>
		<W l="289" t="81" r="325" b="98" x="3" y="1">WA</W>
		<W l="330" t="80" r="388" b="98" x="4" y="1">BLVD</W>
		<W l="393" t="80" r="424" b="98" x="5" y="1">NE</W>
		<W l="430" t="79" r="444" b="96" x="6" y="1">#</W>
		<W l="451" t="80" r="491" b="97" x="7" y="1">3001</W>
	</L><L l="208" t="102" b="141" r="919" i="3"><W l="208" t="103" r="327" b="123" x="1" y="6">KIRICLANEL</W>
		<W l="331" t="103" r="368" b="121" x="2" y="6">WA</W>
		<W l="373" t="102" r="468" b="120" x="3" y="6">980337320</W>
		<W l="601" t="117" r="609" b="119" x="1" y="3">-</W>
		<W l="857" t="102" r="919" b="141" x="2" y="4">II-</W>
	</L><L l="138" t="160" b="174" r="1140" i="4"><W l="138" t="160" r="158" b="174" x="1" y="7">.4</W>
		<W l="1051" t="165" r="1054" b="169" x="2" y="7">.</W>
		<W l="1136" t="164" r="1140" b="168" x="3" y="7">.</W>
	</L><L l="420" t="177" b="181" r="753" i="5"><W l="420" t="178" r="425" b="181" x="1" y="8">.</W>
		<W l="745" t="177" r="753" b="179" x="2" y="8">_</W>
	</L><L l="57" t="194" b="219" r="154" i="6"><W l="57" t="196" r="93" b="219" x="1" y="9">Pay</W>
		<W l="100" t="198" r="118" b="214" x="2" y="9">to</W>
		<W l="125" t="194" r="154" b="213" x="3" y="9">the</W>
	</L><L l="56" t="186" b="299" r="1175" i="7"><W l="56" t="218" r="117" b="235" x="1" y="10">Order</W>
		<W l="86" t="264" r="154" b="297" x="1" y="16">tge4</W>
		<W l="121" t="217" r="142" b="233" x="2" y="10">of</W>
		<W l="281" t="241" r="360" b="264" x="1" y="14">-----</W>
		<W l="311" t="280" r="316" b="291" x="3" y="16">,</W>
		<W l="313" t="258" r="325" b="280" x="1" y="15">/</W>
		<W l="332" t="241" r="356" b="287" x="4" y="16">A</W>
		<W l="361" t="268" r="377" b="287" x="5" y="16">a</W>
		<W l="386" t="264" r="401" b="283" x="6" y="16">v</W>
		<W l="395" t="253" r="425" b="287" x="2" y="15">_f</W>
		<W l="589" t="186" r="666" b="236" x="3" y="10">ZS:</W>
		<W l="672" t="212" r="692" b="227" x="4" y="10">el</W>
		<W l="697" t="209" r="740" b="227" x="5" y="10">vot</W>
		<W l="747" t="208" r="784" b="226" x="6" y="10">he</W>
		<W l="791" t="212" r="812" b="223" x="7" y="10">r,</W>
		<W l="897" t="197" r="1091" b="243" x="8" y="10">I7‘</W>
		<W l="989" t="264" r="1018" b="283" x="1" y="11">ars</W>
		<W l="1088" t="224" r="1094" b="233" x="1" y="12">,</W>
		<W l="1110" t="210" r="1153" b="237" x="2" y="12">0,</W>
		<W l="1100" t="291" r="1167" b="299" x="1" y="17">."..</W>
		<W l="1169" t="227" r="1175" b="230" x="3" y="12">_</W>
	</L><L l="1063" t="314" b="320" r="1097" i="8"><W l="1063" t="314" r="1081" b="320" x="3" y="19">--</W>
		<W l="1089" t="314" r="1097" b="317" x="4" y="19">-</W>
	</L><L l="231" t="299" b="350" r="1066" i="9"><W l="231" t="320" r="265" b="342" x="1" y="18">Key</W>
		<W l="271" t="319" r="334" b="337" x="2" y="18">Private</W>
		<W l="341" t="319" r="388" b="337" x="3" y="18">Bank</W>
		<W l="824" t="299" r="899" b="338" x="1" y="19">/kJ</W>
		<W l="912" t="300" r="1037" b="350" x="2" y="19">5vfie)</W>
		<W l="1058" t="328" r="1066" b="330" x="4" y="18">_</W>
	</L><L l="149" t="362" b="388" r="503" i="10"><W l="149" t="363" r="403" b="385" x="1" y="20">.1-677-634-2968</W>
		<W l="416" t="362" r="503" b="388" x="2" y="20">Key.com</W>
	</L><L l="57" t="408" b="459" r="770" i="11"><W l="57" t="412" r="129" b="454" x="1" y="21">For/14</W>
		<W l="136" t="416" r="226" b="453" x="2" y="21">C00</W>
		<W l="231" t="412" r="324" b="448" x="3" y="21">0..C)</W>
		<W l="334" t="408" r="365" b="438" x="4" y="21">B</W>
		<W l="594" t="429" r="603" b="431" x="1" y="22">_</W>
		<W l="655" t="411" r="730" b="459" x="1" y="23">t-</W>
		<W l="765" t="428" r="770" b="431" x="2" y="23">-</W>
	</L><L l="70" t="459" b="497" r="806" i="12"><W l="70" t="473" r="89" b="497" x="1" y="24">1:</W>
		<W l="103" t="473" r="114" b="497" x="2" y="24">L</W>
		<W l="127" t="472" r="237" b="497" x="3" y="24">2E000</W>
		<W l="247" t="472" r="336" b="496" x="4" y="24">57114</W>
		<W l="369" t="470" r="484" b="496" x="5" y="24">147260</W>
		<W l="498" t="471" r="533" b="495" x="6" y="24">20</W>
		<W l="547" t="466" r="582" b="495" x="7" y="24">LO</W>
		<W l="596" t="471" r="632" b="495" x="8" y="24">L?</W>
		<W l="643" t="459" r="696" b="491" x="9" y="24">Mir</W>
		<W l="717" t="470" r="806" b="495" x="1" y="25">9295</W>
	</L></CCO>
