<?xml version="1.0"?>
<CCO path="c:\datacap\processchq\fingerprint\568.cco">
	<L l="69" t="69" b="99" r="1091" i="1"><W l="69" t="72" r="172" b="92" x="1" y="1">HARVEY</W>
		<W l="179" t="70" r="289" b="91" x="2" y="1">WENDEL</W>
		<W l="297" t="69" r="402" b="89" x="3" y="1">GREENE</W>
		<W l="445" t="71" r="497" b="88" x="4" y="1">0662</W>
		<W l="1020" t="73" r="1091" b="99" x="5" y="1">5048</W>
	</L><L l="70" t="92" b="117" r="1174" i="2"><W l="70" t="100" r="97" b="117" x="1" y="2">PH</W>
		<W l="104" t="100" r="231" b="116" x="2" y="2">660-263-5714</W>
		<W l="1169" t="92" r="1174" b="112" x="3" y="2">i</W>
	</L><L l="1166" t="113" b="130" r="1183" i="3"><W l="1166" t="113" r="1172" b="130" x="7" y="3">i!</W>
		<W l="1180" t="120" r="1183" b="130" x="8" y="3">I</W>
	</L><L l="15" t="114" b="209" r="1183" i="4"><W l="15" t="191" r="18" b="208" x="1" y="8">i</W>
		<W l="16" t="162" r="29" b="191" x="1" y="5">lig</W>
		<W l="19" t="135" r="25" b="148" x="1" y="3">4</W>
		<W l="25" t="172" r="32" b="191" x="1" y="6">e</W>
		<W l="29" t="184" r="32" b="209" x="2" y="8">I</W>
		<W l="71" t="126" r="116" b="142" x="2" y="3">1210</W>
		<W l="71" t="149" r="174" b="167" x="1" y="4">MOBERLY,</W>
		<W l="122" t="124" r="207" b="141" x="3" y="3">COUNTY</W>
		<W l="181" t="148" r="213" b="165" x="2" y="4">MO</W>
		<W l="213" t="123" r="270" b="140" x="4" y="3">ROAD</W>
		<W l="225" t="148" r="335" b="164" x="3" y="4">65270-4300</W>
		<W l="236" t="200" r="240" b="206" x="1" y="10">,</W>
		<W l="277" t="124" r="323" b="139" x="5" y="3">2325</W>
		<W l="745" t="153" r="749" b="165" x="4" y="4">i</W>
		<W l="760" t="121" r="805" b="162" x="5" y="4">fC</W>
		<W l="816" t="114" r="821" b="160" x="6" y="4">I</W>
		<W l="830" t="136" r="835" b="159" x="7" y="4">i</W>
		<W l="840" t="126" r="861" b="156" x="8" y="4">f)</W>
		<W l="922" t="170" r="968" b="187" x="1" y="7">llntc</W>
		<W l="1029" t="123" r="1097" b="137" x="6" y="3">807/1/05</W>
		<W l="1171" t="130" r="1183" b="156" x="9" y="4">III</W>
	</L><L l="16" t="194" b="270" r="1184" i="5"><W l="16" t="212" r="32" b="238" x="1" y="9">1i</W>
		<W l="53" t="208" r="99" b="234" x="2" y="9">Pay</W>
		<W l="54" t="235" r="128" b="257" x="1" y="13">Order</W>
		<W l="109" t="210" r="131" b="229" x="3" y="9">to</W>
		<W l="136" t="234" r="162" b="256" x="2" y="13">of</W>
		<W l="140" t="207" r="180" b="228" x="4" y="9">the</W>
		<W l="208" t="203" r="225" b="246" x="5" y="9">\</W>
		<W l="243" t="234" r="281" b="249" x="3" y="13">-1,-</W>
		<W l="248" t="216" r="282" b="234" x="1" y="11">-s-</W>
		<W l="294" t="216" r="305" b="234" x="2" y="11">c-.</W>
		<W l="296" t="234" r="328" b="246" x="4" y="13">"</W>
		<W l="318" t="212" r="363" b="239" x="1" y="12">..(?1/4</W>
		<W l="371" t="254" r="397" b="270" x="1" y="14">c‘</W>
		<W l="390" t="220" r="406" b="227" x="2" y="12">-</W>
		<W l="430" t="194" r="514" b="242" x="3" y="12">Ca_</W>
		<W l="548" t="196" r="581" b="240" x="4" y="12">V:</W>
		<W l="895" t="220" r="897" b="249" x="5" y="13">I</W>
		<W l="918" t="215" r="939" b="246" x="6" y="13">$</W>
		<W l="973" t="203" r="979" b="241" x="5" y="12">i</W>
		<W l="990" t="196" r="1044" b="234" x="6" y="12">Li\</W>
		<W l="1170" t="232" r="1184" b="255" x="2" y="14">I!</W>
	</L><L l="17" t="255" b="318" r="1184" i="6"><W l="17" t="273" r="33" b="318" x="1" y="15">Itt</W>
		<W l="50" t="276" r="127" b="315" x="2" y="15">Ca\2_</W>
		<W l="133" t="266" r="285" b="310" x="3" y="15">\\47r-Dr</W>
		<W l="293" t="281" r="306" b="296" x="4" y="15">f)</W>
		<W l="313" t="270" r="402" b="307" x="5" y="15">C--\</W>
		<W l="401" t="296" r="410" b="307" x="6" y="15">i</W>
		<W l="538" t="278" r="602" b="310" x="8" y="15">Dkakdr</W>
		<W l="611" t="276" r="637" b="303" x="9" y="15">n</W>
		<W l="642" t="275" r="671" b="298" x="10" y="15">+</W>
		<W l="817" t="272" r="878" b="285" x="12" y="15">---</W>
		<W l="922" t="283" r="1014" b="306" x="13" y="15">Dollars</W>
		<W l="1057" t="277" r="1078" b="306" x="14" y="15">n</W>
		<W l="1101" t="277" r="1140" b="294" x="15" y="15">!:':•••</W>
		<W l="1139" t="288" r="1143" b="294" x="1" y="16">•</W>
		<W l="1167" t="255" r="1184" b="303" x="2" y="16">41</W>
	</L><L l="18" t="319" b="386" r="1184" i="7"><W l="18" t="328" r="34" b="342" x="1" y="17">:r.</W>
		<W l="18" t="359" r="30" b="386" x="1" y="18">if</W>
		<W l="88" t="326" r="138" b="355" x="2" y="17">a</W>
		<W l="88" t="355" r="139" b="377" x="2" y="18">Nal.</W>
		<W l="152" t="324" r="233" b="353" x="3" y="17">cent</W>
		<W l="154" t="356" r="178" b="377" x="3" y="18">a</W>
		<W l="183" t="355" r="276" b="381" x="4" y="18">hitch,</W>
		<W l="238" t="321" r="269" b="352" x="4" y="17">ol</W>
		<W l="279" t="319" r="366" b="351" x="5" y="17">Bank</W>
		<W l="1167" t="331" r="1184" b="366" x="5" y="18">Yil</W>
		<W l="1168" t="368" r="1179" b="385" x="4" y="19">11</W>
	</L><L l="154" t="381" b="399" r="339" i="8"><W l="154" t="388" r="188" b="396" x="1" y="19">wwve</W>
		<W l="191" t="381" r="316" b="399" x="2" y="19">csofrollzakrnoberly</W>
		<W l="320" t="385" r="339" b="395" x="3" y="19">net</W>
	</L><L l="155" t="400" b="410" r="234" i="9"><W l="155" t="401" r="204" b="410" x="1" y="20">sues</W>
		<W l="209" t="400" r="234" b="410" x="2" y="20">RAC</W>
	</L><L l="18" t="409" b="440" r="746" i="10"><W l="18" t="409" r="34" b="431" x="1" y="21">11</W>
		<W l="727" t="411" r="746" b="440" x="1" y="22">r</W>
	</L><L l="18" t="429" b="478" r="1185" i="11"><W l="18" t="429" r="34" b="478" x="1" y="23">11</W>
		<W l="56" t="445" r="98" b="467" x="2" y="23">For</W>
		<W l="607" t="438" r="627" b="452" x="4" y="23">es</W>
		<W l="1049" t="449" r="1075" b="458" x="2" y="24">---</W>
		<W l="1125" t="443" r="1143" b="454" x="3" y="24">'''</W>
		<W l="1168" t="433" r="1185" b="470" x="4" y="24">id</W>
	</L><L l="17" t="467" b="525" r="1185" i="12"><W l="17" t="474" r="21" b="504" x="1" y="26">i</W>
		<W l="73" t="498" r="140" b="522" x="2" y="27">nos</W>
		<W l="154" t="495" r="338" b="521" x="3" y="27">tsoo71,91:</W>
		<W l="370" t="494" r="487" b="518" x="4" y="27">11'0050</W>
		<W l="500" t="493" r="536" b="517" x="5" y="27">lo</W>
		<W l="549" t="493" r="585" b="517" x="6" y="27">2z.</W>
		<W l="595" t="492" r="635" b="516" x="7" y="27">sof</W>
		<W l="670" t="491" r="760" b="515" x="8" y="27">501.8</W>
		<W l="1167" t="467" r="1185" b="488" x="1" y="25">,31</W>
		<W l="1168" t="493" r="1185" b="525" x="9" y="27">iii</W>
	</L></CCO>
