<?xml version="1.0"?>
<CCO path="c:\datacap\oneapp\fingerprint\569.cco">
	<L l="252" t="26" b="40" r="1177" i="1"><W l="252" t="28" r="259" b="30" x="1" y="2">-</W>
		<W l="1058" t="28" r="1095" b="33" x="1" y="1">--</W>
		<W l="1161" t="26" r="1177" b="40" x="1" y="3">-r.</W>
	</L><L l="2" t="48" b="99" r="1108" i="2"><W l="2" t="62" r="3" b="77" x="1" y="5">1</W>
		<W l="23" t="56" r="26" b="60" x="2" y="5">'</W>
		<W l="262" t="79" r="396" b="99" x="1" y="6">KATHLEEN</W>
		<W l="266" t="49" r="371" b="70" x="1" y="4">WILLIAM</W>
		<W l="380" t="49" r="401" b="69" x="2" y="4">T.</W>
		<W l="405" t="79" r="434" b="98" x="2" y="6">W.</W>
		<W l="411" t="48" r="511" b="70" x="3" y="4">LAUTEN</W>
		<W l="444" t="78" r="544" b="99" x="3" y="6">LAUTEN</W>
		<W l="521" t="48" r="539" b="68" x="4" y="4">III</W>
		<W l="751" t="59" r="836" b="76" x="3" y="5">54-198/117</W>
		<W l="1016" t="59" r="1108" b="86" x="4" y="5">5349</W>
	</L><L l="321" t="106" b="123" r="484" i="3"><W l="321" t="106" r="484" b="123" x="1" y="8">PH.281-809-3655</W>
	</L><L l="272" t="127" b="145" r="532" i="4"><W l="272" t="129" r="327" b="145" x="1" y="9">13706</W>
		<W l="333" t="128" r="400" b="144" x="2" y="9">ASPEN</W>
		<W l="408" t="128" r="464" b="145" x="3" y="9">COVE</W>
		<W l="472" t="127" r="532" b="144" x="4" y="9">DRIVE</W>
	</L><L l="33" t="123" b="170" r="1032" i="5"><W l="33" t="142" r="40" b="168" x="1" y="11">3</W>
		<W l="190" t="151" r="196" b="153" x="2" y="11">-</W>
		<W l="300" t="151" r="404" b="170" x="1" y="12">HOUSTON,</W>
		<W l="412" t="152" r="436" b="167" x="2" y="12">TX</W>
		<W l="449" t="152" r="504" b="168" x="3" y="12">77077</W>
		<W l="616" t="150" r="620" b="152" x="4" y="12">-</W>
		<W l="694" t="149" r="700" b="151" x="1" y="10">-</W>
		<W l="718" t="148" r="729" b="161" x="2" y="10">i)</W>
		<W l="734" t="149" r="740" b="161" x="3" y="10">\</W>
		<W l="742" t="148" r="757" b="161" x="4" y="10">Ti</W>
		<W l="781" t="123" r="818" b="161" x="5" y="10">t5</W>
		<W l="981" t="125" r="1032" b="158" x="7" y="10">/7</W>
	</L><L l="35" t="182" b="188" r="39" i="6"><W l="35" t="182" r="39" b="188" x="1" y="13">t</W>
	</L><L l="35" t="189" b="204" r="990" i="7"><W l="35" t="189" r="41" b="204" x="1" y="14">?</W>
		<W l="984" t="198" r="990" b="200" x="2" y="14">-</W>
	</L><L l="26" t="184" b="253" r="1121" i="8"><W l="26" t="238" r="41" b="248" x="1" y="16">sr</W>
		<W l="55" t="229" r="59" b="249" x="2" y="16">r</W>
		<W l="73" t="236" r="84" b="253" x="3" y="16">:,</W>
		<W l="128" t="229" r="131" b="247" x="4" y="16">I</W>
		<W l="154" t="212" r="187" b="226" x="1" y="15">PAY</W>
		<W l="154" t="232" r="195" b="245" x="5" y="16">ormi</W>
		<W l="192" t="213" r="215" b="226" x="2" y="15">TO</W>
		<W l="202" t="233" r="210" b="245" x="6" y="16">R</W>
		<W l="215" t="232" r="232" b="245" x="7" y="16">01</W>
		<W l="220" t="212" r="254" b="226" x="3" y="15">THE</W>
		<W l="240" t="243" r="276" b="246" x="8" y="16">_</W>
		<W l="281" t="184" r="345" b="232" x="4" y="15">r*</W>
		<W l="356" t="192" r="392" b="239" x="5" y="15">vi</W>
		<W l="405" t="227" r="410" b="235" x="6" y="15">.</W>
		<W l="427" t="196" r="470" b="244" x="7" y="15">X</W>
		<W l="476" t="200" r="548" b="246" x="8" y="15">•A.</W>
		<W l="882" t="216" r="884" b="240" x="9" y="15">I</W>
		<W l="904" t="208" r="924" b="239" x="10" y="15">$</W>
		<W l="931" t="207" r="1056" b="252" x="11" y="15">C7560</W>
		<W l="1066" t="209" r="1073" b="216" x="3" y="14">,</W>
		<W l="1084" t="197" r="1121" b="217" x="4" y="14">00</W>
	</L><L l="1" t="251" b="310" r="1159" i="9"><W l="1" t="275" r="3" b="292" x="1" y="19">)</W>
		<W l="35" t="256" r="41" b="271" x="1" y="17">1</W>
		<W l="35" t="289" r="40" b="310" x="2" y="19">;</W>
		<W l="54" t="251" r="58" b="292" x="1" y="18">I</W>
		<W l="55" t="289" r="83" b="303" x="3" y="19">,L.</W>
		<W l="86" t="301" r="89" b="304" x="1" y="20">.</W>
		<W l="111" t="285" r="121" b="291" x="3" y="20">-</W>
		<W l="124" t="261" r="131" b="303" x="2" y="20">)</W>
		<W l="175" t="257" r="405" b="307" x="4" y="20">4/07Xozczet4,</W>
		<W l="416" t="258" r="485" b="303" x="5" y="20">leit</W>
		<W l="618" t="256" r="710" b="304" x="7" y="20">h/4.,.</W>
		<W l="1070" t="277" r="1096" b="294" x="1" y="21">4._</W>
		<W l="1101" t="267" r="1133" b="303" x="2" y="21">frneat</W>
		<W l="1136" t="280" r="1159" b="291" x="1" y="22">,,0</W>
	</L><L l="296" t="317" b="329" r="342" i="10"><W l="296" t="317" r="312" b="328" x="1" y="23">&lt;</W>
		<W l="327" t="321" r="342" b="329" x="2" y="23">-.•</W>
	</L><L l="35" t="327" b="346" r="41" i="11"><W l="35" t="327" r="41" b="346" x="1" y="24">j</W>
	</L><L l="221" t="346" b="375" r="425" i="12"><W l="221" t="346" r="425" b="375" x="1" y="25">LEDYARD</W>
	</L><L l="34" t="389" b="417" r="395" i="13"><W l="34" t="389" r="42" b="409" x="1" y="29">1</W>
		<W l="252" t="389" r="341" b="403" x="2" y="29">NATIONAL</W>
		<W l="260" t="406" r="326" b="417" x="1" y="30">woremcil</W>
		<W l="330" t="406" r="346" b="415" x="2" y="30">VI</W>
		<W l="348" t="389" r="395" b="402" x="3" y="29">BANK</W>
		<W l="351" t="406" r="386" b="415" x="3" y="30">06055</W>
	</L><L l="59" t="424" b="467" r="1135" i="14"><W l="59" t="446" r="78" b="459" x="1" y="31">MI</W>
		<W l="85" t="445" r="111" b="460" x="2" y="31">\JO</W>
		<W l="125" t="427" r="147" b="451" x="3" y="31">°</W>
		<W l="155" t="428" r="250" b="462" x="4" y="31">4/1/67</W>
		<W l="267" t="428" r="291" b="457" x="5" y="31">5'</W>
		<W l="294" t="425" r="319" b="453" x="1" y="32">,2</W>
		<W l="322" t="424" r="350" b="467" x="1" y="33">491"</W>
		<W l="1026" t="427" r="1050" b="433" x="2" y="27">--</W>
		<W l="1044" t="444" r="1052" b="452" x="1" y="28">,</W>
		<W l="1061" t="434" r="1077" b="446" x="2" y="28">r•</W>
		<W l="1090" t="430" r="1099" b="435" x="3" y="28">"</W>
		<W l="1117" t="436" r="1135" b="441" x="4" y="28">-</W>
	</L><L l="68" t="479" b="507" r="751" i="15"><W l="68" t="482" r="110" b="507" x="1" y="34">1:0</W>
		<W l="124" t="482" r="135" b="506" x="2" y="34">L</W>
		<W l="149" t="482" r="160" b="506" x="3" y="34">i</W>
		<W l="171" t="483" r="209" b="506" x="4" y="34">70</W>
		<W l="223" t="482" r="233" b="506" x="5" y="34">1,</W>
		<W l="242" t="481" r="283" b="506" x="6" y="34">913</W>
		<W l="294" t="481" r="332" b="505" x="7" y="34">?I:</W>
		<W l="488" t="480" r="578" b="505" x="8" y="34">11769</W>
		<W l="589" t="480" r="603" b="504" x="9" y="34">5</W>
		<W l="616" t="481" r="652" b="505" x="10" y="34">20</W>
		<W l="713" t="479" r="751" b="503" x="11" y="34">53</W>
	</L><L l="24" t="510" b="538" r="1174" i="16"><W l="24" t="524" r="38" b="538" x="1" y="36">J-</W>
		<W l="42" t="532" r="51" b="536" x="2" y="36">-</W>
		<W l="1147" t="510" r="1174" b="535" x="1" y="35">„Al</W>
	</L></CCO>
