<S>
  <P type="Other">
    <V n="HostID">20</V>
    <V n="HostName">Chase</V>
    <F type="CheckName">
      <V n="Position">61,54,469,87</V>
    </F>
    <F type="CheckDate">
      <V n="Position">738,87,1026,151</V>
    </F>
    <F type="AccountNumber">
      <V n="Position">104,411,531,445</V>
    </F>
    <F type="CheckAmount">
      <V n="Position">910,179,1129,242</V>
    </F>
    <F type="AmountInWords">
      <V n="Position">39,180,857,302</V>
    </F>
    <F type="BankName">
      <V n="Position">56,308,212,349</V>
    </F>
    <F type="Rout">
      <V n="Position">78,458,299,506</V>
    </F>
  </P>
</S>