<?xml version="1.0"?>
<CCO path="c:\datacap\oneapp\fingerprint\570.cco">
	<L l="67" t="30" b="80" r="1096" i="1"><W l="67" t="59" r="198" b="80" x="1" y="2">BEATRICE</W>
		<W l="206" t="60" r="236" b="79" x="2" y="2">W.</W>
		<W l="245" t="59" r="371" b="80" x="3" y="2">SULLIVAN</W>
		<W l="735" t="30" r="786" b="55" x="1" y="1">-1-2547</W>
		<W l="736" t="54" r="760" b="67" x="4" y="2">210</W>
		<W l="1002" t="46" r="1096" b="73" x="5" y="2">3271</W>
	</L><L l="66" t="89" b="105" r="316" i="2"><W l="66" t="89" r="127" b="105" x="1" y="3">16339</W>
		<W l="137" t="89" r="194" b="105" x="2" y="3">133TH</W>
		<W l="201" t="89" r="240" b="104" x="3" y="3">AVE</W>
		<W l="247" t="89" r="286" b="104" x="4" y="3">APT</W>
		<W l="293" t="89" r="316" b="105" x="5" y="3">98</W>
	</L><L l="2" t="110" b="131" r="259" i="3"><W l="2" t="110" r="3" b="114" x="1" y="4">'</W>
		<W l="64" t="112" r="158" b="131" x="2" y="4">JAMAICA,</W>
		<W l="165" t="113" r="192" b="128" x="3" y="4">NY</W>
		<W l="205" t="113" r="259" b="128" x="4" y="4">11434</W>
	</L><L l="696" t="130" b="142" r="731" i="4"><W l="696" t="130" r="731" b="142" x="1" y="6">DATE</W>
	</L><L l="456" t="175" b="181" r="462" i="5"><W l="456" t="175" r="462" b="181" x="6" y="7">*</W>
	</L><L l="55" t="178" b="204" r="1034" i="6"><W l="55" t="187" r="80" b="198" x="1" y="7">PAY</W>
		<W l="86" t="187" r="106" b="200" x="2" y="7">TO</W>
		<W l="111" t="188" r="137" b="200" x="3" y="7">THE</W>
		<W l="326" t="178" r="393" b="204" x="5" y="7">--------1</W>
		<W l="954" t="192" r="972" b="199" x="1" y="8">,,</W>
		<W l="1031" t="186" r="1034" b="189" x="2" y="8">•</W>
	</L><L l="54" t="188" b="237" r="1063" i="7"><W l="54" t="207" r="102" b="218" x="1" y="9">ORDER</W>
		<W l="95" t="216" r="97" b="218" x="1" y="10">.</W>
		<W l="107" t="207" r="126" b="219" x="2" y="9">OF</W>
		<W l="155" t="189" r="198" b="227" x="3" y="9">A</W>
		<W l="176" t="222" r="210" b="224" x="1" y="11">—</W>
		<W l="236" t="222" r="243" b="224" x="2" y="11">-</W>
		<W l="255" t="222" r="258" b="224" x="3" y="11">-</W>
		<W l="321" t="190" r="393" b="237" x="4" y="11">/Ca</W>
		<W l="459" t="194" r="492" b="230" x="5" y="11">-7.5</W>
		<W l="863" t="202" r="866" b="226" x="9" y="11">1</W>
		<W l="886" t="195" r="906" b="225" x="10" y="11">$</W>
		<W l="913" t="188" r="1012" b="232" x="11" y="11">/o/(D.</W>
		<W l="1023" t="207" r="1063" b="214" x="12" y="11">---</W>
	</L><L l="931" t="248" b="264" r="981" i="8"><W l="931" t="260" r="946" b="264" x="1" y="13">„</W>
		<W l="968" t="248" r="981" b="264" x="2" y="13">,r•</W>
	</L><L l="64" t="290" b="338" r="992" i="9"><W l="64" t="298" r="249" b="338" x="1" y="14">CHASED</W>
		<W l="714" t="307" r="741" b="323" x="2" y="14">TO</W>
		<W l="748" t="307" r="829" b="324" x="3" y="14">BLESSED</W>
		<W l="835" t="290" r="992" b="333" x="4" y="14">TO8LicRESSED</W>
	</L><L l="65" t="348" b="365" r="285" i="10"><W l="65" t="348" r="144" b="365" x="1" y="15">Ohlorgan</W>
		<W l="151" t="348" r="197" b="362" x="2" y="15">Chase</W>
		<W l="204" t="348" r="245" b="363" x="3" y="15">Bank.</W>
		<W l="253" t="349" r="285" b="362" x="4" y="15">NA.</W>
	</L><L l="65" t="367" b="381" r="189" i="11"><W l="65" t="370" r="101" b="380" x="1" y="16">wen</W>
		<W l="105" t="367" r="152" b="381" x="2" y="16">Cnase</W>
		<W l="157" t="370" r="189" b="381" x="3" y="16">corn</W>
	</L><L l="53" t="420" b="432" r="98" i="12"><W l="53" t="420" r="98" b="432" x="1" y="17">frITIO</W>
	</L><L l="921" t="415" b="447" r="1107" i="13"><W l="921" t="439" r="923" b="441" x="2" y="18">•</W>
		<W l="1076" t="439" r="1086" b="447" x="1" y="19">.'</W>
		<W l="1082" t="415" r="1107" b="443" x="2" y="19">kLi</W>
	</L><L l="35" t="463" b="489" r="786" i="14"><W l="35" t="470" r="37" b="482" x="1" y="20">;</W>
		<W l="53" t="463" r="121" b="488" x="2" y="20">1:02</W>
		<W l="135" t="464" r="269" b="489" x="3" y="20">/00002</W>
		<W l="283" t="465" r="318" b="489" x="4" y="20">Li:</W>
		<W l="425" t="464" r="490" b="489" x="5" y="20">630</W>
		<W l="504" t="464" r="569" b="489" x="6" y="20">LH&amp;</W>
		<W l="595" t="464" r="687" b="489" x="7" y="20">139?iii</W>
		<W l="698" t="465" r="762" b="489" x="8" y="20">32?</W>
		<W l="775" t="465" r="786" b="488" x="9" y="20">1</W>
	</L></CCO>
