<S>
  <P type="BOAPage">
    <V n="HostID">15</V>
    <V n="HostName">BOAPage</V>
    <F type="Name">
      <V n="Position">35,51,495,86</V>
    </F>
    <F type="Amount">
      <V n="Position">950,203,1164,261</V>
    </F>
    <F type="Account">
      <V n="Position">86,406,433,459</V>
    </F>
    <F type="Rout">
      <V n="Position">90,466,309,508</V>
    </F>
    <F type="Date">
      <V n="Position">670,113,979,162</V>
    </F>
    <F type="Amount In Words">
      <V n="Position">38,189,858,316</V>
    </F>
    <F type="BankName">
      <V n="Position">30,319,315,372</V>
    </F>
    <F type="AmountInWords">
      <V n="Position">53,196,872,300</V>
    </F>
    <F type="AccountNumber">
      <V n="Position">92,411,408,462</V>
    </F>
    <F type="CheckDate">
      <V n="Position">678,109,986,159</V>
    </F>
    <F type="CheckName">
      <V n="Position">37,47,497,83</V>
    </F>
    <F type="CheckAmount">
      <V n="Position">945,203,1159,261</V>
    </F>
  </P>
</S>