<?xml version="1.0"?>
<CCO path="c:\datacap\processchq\fingerprint\557.cco">
	<L l="117" t="79" b="143" r="1660" i="1"><W l="117" t="106" r="249" b="139" x="1" y="3">CASSIE</W>
		<W l="267" t="106" r="292" b="143" x="2" y="3">J.</W>
		<W l="311" t="105" r="508" b="137" x="3" y="3">ALLOWAY</W>
		<W l="544" t="112" r="651" b="138" x="4" y="3">12/2010</W>
		<W l="1100" t="79" r="1213" b="99" x="1" y="1">70-337/711</W>
		<W l="1520" t="82" r="1660" b="122" x="1" y="2">2491</W>
	</L><L l="117" t="149" b="184" r="550" i="2"><W l="117" t="151" r="299" b="184" x="1" y="4">ANDREW</W>
		<W l="318" t="151" r="337" b="182" x="2" y="4">L</W>
		<W l="354" t="149" r="550" b="182" x="3" y="4">ALLOWAY</W>
	</L><L l="118" t="168" b="252" r="1323" i="3"><W l="118" t="193" r="183" b="216" x="1" y="5">4272</W>
		<W l="120" t="224" r="329" b="252" x="1" y="6">BEARDSTOWN,</W>
		<W l="200" t="193" r="373" b="215" x="2" y="5">BOULEVARD</W>
		<W l="346" t="225" r="366" b="247" x="2" y="6">IL</W>
		<W l="346" t="225" r="366" b="247" x="3" y="6">IL</W>
		<W l="389" t="192" r="435" b="215" x="3" y="5">RD.</W>
		<W l="393" t="224" r="475" b="248" x="4" y="6">62618</W>
		<W l="1074" t="202" r="1157" b="230" x="4" y="5">DATE</W>
		<W l="1191" t="174" r="1200" b="220" x="5" y="5">1</W>
		<W l="1283" t="168" r="1323" b="208" x="6" y="5">4</W>
	</L><L l="121" t="289" b="354" r="1563" i="4"><W l="121" t="290" r="184" b="319" x="1" y="7">PAY</W>
		<W l="121" t="325" r="229" b="354" x="1" y="8">caw</W>
		<W l="201" t="289" r="248" b="317" x="2" y="7">TO</W>
		<W l="244" t="325" r="287" b="352" x="2" y="8">oF</W>
		<W l="264" t="289" r="323" b="317" x="3" y="7">THE</W>
		<W l="1099" t="295" r="1390" b="346" x="3" y="8">SULK4140€...$</W>
		<W l="1423" t="296" r="1435" b="349" x="4" y="8">t</W>
		<W l="1452" t="300" r="1497" b="347" x="5" y="8">ie</W>
		<W l="1513" t="295" r="1563" b="345" x="6" y="8">5.</W>
	</L><L l="423" t="373" b="446" r="1707" i="5"><W l="423" t="373" r="766" b="446" x="1" y="9">tA-0,\31-1-fa.3i</W>
		<W l="773" t="379" r="897" b="442" x="2" y="9">1/40T-:</W>
		<W l="1341" t="410" r="1515" b="441" x="3" y="9">DOLLARS</W>
		<W l="1546" t="393" r="1578" b="439" x="4" y="9">th</W>
		<W l="1609" t="400" r="1707" b="439" x="5" y="9">r74.7.7</W>
	</L><L l="122" t="501" b="528" r="397" i="6"><W l="122" t="501" r="215" b="528" x="1" y="10">FIRST</W>
		<W l="230" t="501" r="397" b="527" x="2" y="10">NATIONAL</W>
	</L><L l="122" t="539" b="567" r="521" i="7"><W l="122" t="541" r="213" b="567" x="1" y="11">BANK</W>
		<W l="228" t="540" r="272" b="565" x="2" y="11">OF</W>
		<W l="287" t="539" r="521" b="566" x="3" y="11">BEARDSTOWN</W>
	</L><L l="120" t="575" b="598" r="541" i="8"><W l="120" t="578" r="158" b="597" x="1" y="12">300</W>
		<W l="168" t="576" r="326" b="595" x="2" y="12">WASHINGTON</W>
		<W l="338" t="577" r="378" b="598" x="3" y="12">ST.,</W>
		<W l="390" t="576" r="434" b="595" x="4" y="12">P.O.</W>
		<W l="446" t="575" r="493" b="595" x="5" y="12">BOX</W>
		<W l="503" t="576" r="541" b="594" x="6" y="12">410</W>
	</L><L l="121" t="604" b="626" r="393" i="9"><W l="121" t="604" r="290" b="626" x="1" y="13">BEARDSTOWN,</W>
		<W l="302" t="605" r="319" b="623" x="2" y="13">IL</W>
		<W l="329" t="606" r="393" b="624" x="3" y="13">62618</W>
	</L><L l="123" t="629" b="677" r="712" i="10"><W l="123" t="648" r="186" b="677" x="1" y="14">FOR</W>
		<W l="193" t="629" r="303" b="672" x="2" y="14">A-c-c-f-</W>
		<W l="553" t="634" r="623" b="670" x="3" y="14">2.te</W>
		<W l="635" t="642" r="712" b="670" x="4" y="14">LA._</W>
	</L><L l="97" t="678" b="757" r="1193" i="11"><W l="97" t="718" r="237" b="757" x="1" y="16">1:07L</W>
		<W l="258" t="717" r="500" b="755" x="2" y="16">L033761:</W>
		<W l="425" t="678" r="504" b="709" x="1" y="15">'tl."</W>
		<W l="544" t="687" r="603" b="715" x="2" y="15">4/-5-</W>
		<W l="546" t="717" r="612" b="753" x="3" y="16">00</W>
		<W l="662" t="716" r="761" b="753" x="4" y="16">LSI,</W>
		<W l="811" t="716" r="874" b="752" x="5" y="16">IIS</W>
		<W l="893" t="716" r="948" b="752" x="6" y="16">Lill</W>
		<W l="1006" t="695" r="1193" b="751" x="7" y="16">249EY</W>
	</L><L l="1232" t="765" b="800" r="1690" i="12"><W l="1232" t="766" r="1449" b="800" x="1" y="17">11/14/2016</W>
		<W l="1465" t="765" r="1613" b="798" x="2" y="17">9:17:25</W>
		<W l="1626" t="765" r="1690" b="797" x="3" y="17">AM</W>
	</L></CCO>
