<S>
  <P type="Ridgefield">
    <V n="HostID">19</V>
    <V n="HostName">RidgeField</V>
    <F type="Name">
      <V n="Position">74,77,472,182</V>
    </F>
    <F type="Amount">
      <V n="Position">882,185,1093,263</V>
    </F>
    <F type="AmtChar">
      <V n="Position">116,259,820,319</V>
    </F>
    <F type="Date">
      <V n="Position">695,104,916,178</V>
    </F>
    <F type="Rout">
      <V n="Position">88,473,309,514</V>
    </F>
    <F type="Account">
      <V n="Position">120,431,532,464</V>
    </F>
    <F type="BankName">
      <V n="Position">83,323,297,355</V>
    </F>
    <F type="CheckName">
      <V n="Position">79,83,477,114</V>
    </F>
    <F type="CheckDate">
      <V n="Position">709,104,916,178</V>
    </F>
    <F type="AccountNumber">
      <V n="Position">111,434,523,466</V>
    </F>
    <F type="CheckAmount">
      <V n="Position">893,185,1093,263</V>
    </F>
    <F type="AmountInWords">
      <V n="Position">65,183,799,318</V>
    </F>
  </P>
</S>