<S>
  <P type="WellsForgoPage">
    <V n="HostID">18</V>
    <V n="HostName">WellsForgo</V>
    <F type="Name">
      <V n="Position">70,61,334,91</V>
    </F>
    <F type="Account">
      <V n="Position">349,476,591,511</V>
    </F>
    <F type="Date">
      <V n="Position">751,121,1043,172</V>
    </F>
    <F type="Amount">
      <V n="Position">889,178,1172,250</V>
    </F>
    <F type="Rout">
      <V n="Position">97,478,315,513</V>
    </F>
    <F type="AmtChar">
      <V n="Position">67,201,880,312</V>
    </F>
    <F type="BankName">
      <V n="Position">182,324,324,358</V>
    </F>
    <F type="CheckName">
      <V n="Position">70,63,349,93</V>
    </F>
    <F type="CheckDate">
      <V n="Position">751,123,1009,172</V>
    </F>
    <F type="AccountNumber">
      <V n="Position">131,434,425,469</V>
    </F>
    <F type="CheckAmount">
      <V n="Position">889,180,1151,250</V>
    </F>
    <F type="AmountInWords">
      <V n="Position">63,204,878,312</V>
    </F>
  </P>
</S>