<S>
  <P type="ChasePage">
    <V n="HostID">20</V>
    <V n="HostName">Chase</V>
    <F type="Name">
      <V n="Position">47,37,342,100</V>
    </F>
    <F type="Date">
      <V n="Position">751,88,1036,157</V>
    </F>
    <F type="Account">
      <V n="Position">112,389,593,450</V>
    </F>
    <F type="Amount">
      <V n="Position">884,182,1137,239</V>
    </F>
    <F type="Amount In Words">
      <V n="Position">46,167,884,302</V>
    </F>
    <F type="Rout">
      <V n="Position">73,452,287,495</V>
    </F>
    <F type="BankName">
      <V n="Position">32,298,198,341</V>
    </F>
    <F type="CheckName">
      <V n="Position">53,29,347,92</V>
    </F>
    <F type="CheckDate">
      <V n="Position">754,85,1040,153</V>
    </F>
    <F type="AccountNumber">
      <V n="Position">119,384,600,443</V>
    </F>
    <F type="CheckAmount">
      <V n="Position">889,184,1143,240</V>
    </F>
    <F type="AmountInWords">
      <V n="Position">39,157,877,292</V>
    </F>
  </P>
</S>