<S>
  <P type="KeyBankPage">
    <V n="HostID">21</V>
    <V n="HostName">KeyBank</V>
    <F type="Name">
      <V n="Position">47,63,405,127</V>
    </F>
    <F type="Date">
      <V n="Position">668,92,971,159</V>
    </F>
    <F type="Account">
      <V n="Position">95,411,766,469</V>
    </F>
    <F type="Amount">
      <V n="Position">953,185,1186,262</V>
    </F>
    <F type="Amount In Words">
      <V n="Position">59,180,902,317</V>
    </F>
    <F type="Rout">
      <V n="Position">95,481,319,525</V>
    </F>
    <F type="CheckName">
      <V n="Position">45,66,403,131</V>
    </F>
    <F type="CheckDate">
      <V n="Position">659,94,962,161</V>
    </F>
    <F type="AccountNumber">
      <V n="Position">95,411,717,467</V>
    </F>
    <F type="CheckAmount">
      <V n="Position">950,185,1182,262</V>
    </F>
    <F type="AmountInWords">
      <V n="Position">59,182,890,317</V>
    </F>
    <F type="BankName">
      <V n="Position">227,350,502,375</V>
    </F>
  </P>
</S>