<S>
  <P type="CapitalOnePage">
    <V n="HostID">26</V>
    <V n="HostName">CentralBank</V>
    <F type="Date">
      <V n="Position">697,72,941,155</V>
    </F>
    <F type="Amount In Words">
      <V n="Position">53,164,890,303</V>
    </F>
    <F type="Account">
      <V n="Position">114,386,563,450</V>
    </F>
    <F type="Amount">
      <V n="Position">913,168,1182,239</V>
    </F>
    <F type="BankName">
      <V n="Position">62,319,469,372</V>
    </F>
    <F type="Rout">
      <V n="Position">99,443,321,487</V>
    </F>
    <F type="Name">
      <V n="Position">305,30,592,86</V>
    </F>
    <F type="CheckName">
      <V n="Position">305,30,592,86</V>
    </F>
    <F type="CheckDate">
      <V n="Position">702,74,947,155</V>
    </F>
    <F type="AccountNumber">
      <V n="Position">108,384,558,448</V>
    </F>
    <F type="CheckAmount">
      <V n="Position">913,163,1182,232</V>
    </F>
    <F type="AmountInWords">
      <V n="Position">55,161,891,299</V>
    </F>
  </P>
</S>