<?xml version="1.0"?>
<CCO path="c:\datacap\processchq\fingerprint\567.cco">
	<L l="320" t="28" b="54" r="1109" i="1"><W l="320" t="35" r="454" b="54" x="1" y="1">YUNG-SAN</W>
		<W l="464" t="34" r="541" b="54" x="2" y="1">LIANG</W>
		<W l="1037" t="28" r="1109" b="53" x="3" y="1">3753</W>
	</L><L l="339" t="59" b="83" r="1111" i="2"><W l="339" t="61" r="436" b="80" x="1" y="2">SUH-ER</W>
		<W l="445" t="59" r="523" b="79" x="2" y="2">WANG</W>
		<W l="1019" t="70" r="1026" b="82" x="3" y="2">6</W>
		<W l="1028" t="70" r="1035" b="82" x="4" y="2">5</W>
		<W l="1038" t="70" r="1048" b="82" x="5" y="2">0</W>
		<W l="1052" t="69" r="1064" b="82" x="6" y="2">19</W>
		<W l="1066" t="69" r="1086" b="83" x="7" y="2">8,7</W>
		<W l="1088" t="69" r="1111" b="82" x="8" y="2">550</W>
	</L><L l="21" t="87" b="146" r="973" i="3"><W l="21" t="135" r="30" b="146" x="1" y="7">4</W>
		<W l="299" t="112" r="411" b="131" x="1" y="4">DERWOOD,</W>
		<W l="302" t="89" r="355" b="105" x="1" y="3">15771</W>
		<W l="365" t="88" r="434" b="104" x="2" y="3">BUENA</W>
		<W l="419" t="113" r="449" b="129" x="2" y="4">MD</W>
		<W l="441" t="87" r="497" b="104" x="3" y="3">VISTA</W>
		<W l="456" t="112" r="565" b="128" x="3" y="4">20855-21557</W>
		<W l="504" t="87" r="563" b="103" x="4" y="3">DRIVE</W>
		<W l="728" t="90" r="821" b="126" x="4" y="4">Ht7ly</W>
		<W l="792" t="126" r="805" b="139" x="1" y="6">f</W>
		<W l="831" t="91" r="863" b="119" x="5" y="4">14</W>
		<W l="870" t="115" r="874" b="126" x="6" y="4">i</W>
		<W l="884" t="97" r="889" b="119" x="7" y="4">I</W>
		<W l="941" t="122" r="973" b="135" x="1" y="5">Dee</W>
	</L><L l="20" t="175" b="224" r="1089" i="4"><W l="20" t="186" r="31" b="221" x="1" y="11">3</W>
		<W l="57" t="199" r="111" b="216" x="1" y="9">Order</W>
		<W l="58" t="177" r="89" b="199" x="1" y="8">Pay</W>
		<W l="95" t="179" r="115" b="194" x="2" y="8">to</W>
		<W l="117" t="198" r="135" b="216" x="2" y="9">of</W>
		<W l="122" t="176" r="152" b="194" x="3" y="8">the</W>
		<W l="319" t="182" r="343" b="212" x="3" y="9">r-</W>
		<W l="352" t="181" r="368" b="212" x="1" y="10">I</W>
		<W l="373" t="184" r="435" b="217" x="2" y="10">AA</W>
		<W l="448" t="197" r="486" b="206" x="2" y="11">--</W>
		<W l="497" t="175" r="611" b="211" x="3" y="11">CAE-IF</W>
		<W l="898" t="180" r="900" b="208" x="4" y="11">1</W>
		<W l="921" t="176" r="942" b="206" x="5" y="11">$</W>
		<W l="970" t="192" r="975" b="218" x="6" y="11">1</W>
		<W l="990" t="195" r="1012" b="215" x="7" y="11">0</W>
		<W l="1028" t="191" r="1033" b="224" x="8" y="11">1</W>
		<W l="1054" t="186" r="1080" b="213" x="9" y="11">9_'</W>
		<W l="1079" t="182" r="1089" b="215" x="10" y="11">I</W>
	</L><L l="23" t="237" b="284" r="1083" i="5"><W l="23" t="269" r="32" b="284" x="1" y="12">i</W>
		<W l="58" t="245" r="152" b="280" x="2" y="12">—0</W>
		<W l="158" t="251" r="271" b="277" x="3" y="12">VVE--k</W>
		<W l="279" t="262" r="313" b="278" x="4" y="12">us-</W>
		<W l="320" t="245" r="337" b="273" x="5" y="12">ti</W>
		<W l="349" t="256" r="385" b="274" x="6" y="12">re</W>
		<W l="390" t="243" r="409" b="276" x="7" y="12">4</W>
		<W l="440" t="255" r="491" b="281" x="8" y="12">ail</W>
		<W l="501" t="259" r="532" b="276" x="9" y="12">Q.-</W>
		<W l="558" t="238" r="585" b="258" x="10" y="12">°</W>
		<W l="695" t="254" r="698" b="258" x="12" y="12">•</W>
		<W l="954" t="242" r="1019" b="259" x="13" y="12">Dollars</W>
		<W l="1060" t="237" r="1083" b="266" x="14" y="12">in</W>
	</L><L l="269" t="292" b="334" r="328" i="6"><W l="269" t="292" r="328" b="334" x="1" y="14">V</W>
	</L><L l="23" t="324" b="366" r="453" i="7"><W l="23" t="324" r="33" b="366" x="1" y="13">1</W>
		<W l="345" t="335" r="453" b="362" x="1" y="15">Bank</W>
	</L><L l="23" t="380" b="405" r="847" i="8"><W l="23" t="383" r="33" b="404" x="1" y="16">3</W>
		<W l="720" t="380" r="762" b="401" x="2" y="16">./</W>
		<W l="821" t="398" r="847" b="405" x="6" y="17">—</W>
	</L><L l="59" t="377" b="442" r="1147" i="9"><W l="59" t="400" r="235" b="441" x="1" y="17">For_elerl_ty*</W>
		<W l="260" t="402" r="370" b="433" x="2" y="17">Of7_177</W>
		<W l="383" t="399" r="499" b="442" x="3" y="17">&amp;s.--174</W>
		<W l="729" t="402" r="739" b="429" x="4" y="17">t</W>
		<W l="739" t="409" r="800" b="441" x="5" y="17">z.„,</W>
		<W l="857" t="393" r="896" b="421" x="7" y="17">sa</W>
		<W l="947" t="377" r="998" b="421" x="8" y="17">(-7'</W>
		<W l="1048" t="419" r="1089" b="422" x="1" y="18">---</W>
		<W l="1128" t="402" r="1147" b="412" x="2" y="18">w</W>
	</L><L l="71" t="448" b="478" r="809" i="10"><W l="71" t="451" r="412" b="478" x="1" y="19">1:25507L9ELI:076</W>
		<W l="448" t="450" r="486" b="475" x="2" y="19">32</W>
		<W l="520" t="450" r="659" b="474" x="3" y="19">6328/0</W>
		<W l="690" t="448" r="809" b="473" x="4" y="19">03753</W>
	</L></CCO>
