<S>
  <P type="CentralBankPage">
    <V n="HostID">26</V>
    <V n="HostName">CentralBank</V>
    <F type="Name">
      <V n="Position">62,58,435,99</V>
    </F>
    <F type="Amount">
      <V n="Position">916,187,1170,258</V>
    </F>
    <F type="BankName">
      <V n="Position">146,322,387,358</V>
    </F>
    <F type="Date">
      <V n="Position">673,105,893,178</V>
    </F>
    <F type="Account">
      <V n="Position">116,415,596,484</V>
    </F>
    <F type="Rout">
      <V n="Position">100,495,330,531</V>
    </F>
    <F type="Amount In Words">
      <V n="Position">37,197,846,320</V>
    </F>
    <F type="CheckName">
      <V n="Position">62,64,435,105</V>
    </F>
    <F type="CheckDate">
      <V n="Position">682,99,902,172</V>
    </F>
    <F type="AccountNumber">
      <V n="Position">116,417,596,484</V>
    </F>
    <F type="CheckAmount">
      <V n="Position">905,183,1159,254</V>
    </F>
    <F type="AmountInWords">
      <V n="Position">55,196,864,317</V>
    </F>
  </P>
</S>